Price,Locality,Type_of_Property,Subtype_of_Property,State_of_the_Building,Number_of_Rooms,Living_Area,Fully_Equipped_Kitchen,Terrace,Garden,Surface_area_plot_of_land,Number_of_Facades,Swimming_Pool,Lift,Municipality,Province
139000,4671,APARTMENT,TRIPLEX,GOOD,1,126.0,0,1.0,1.0,0.0,2.0,0.0,0.0,Blegny,Liège
550000,3001,HOUSE,HOUSE,TO_BE_DONE_UP,4,204.0,0,1.0,1.0,300.0,2.0,0.0,0.0,Leuven,Flemish Brabant
695000,1060,HOUSE,HOUSE,TO_BE_DONE_UP,4,255.0,0,1.0,1.0,157.0,2.0,0.0,0.0,Saint-Gilles,Brussels Capital
314900,6840,HOUSE,HOUSE,GOOD,3,133.0,0,1.0,1.0,858.0,3.0,0.0,0.0,Neufchâteau,Luxembourg
135000,7900,HOUSE,HOUSE,GOOD,3,95.0,0,1.0,1.0,175.0,2.0,0.0,0.0,Leuze-en-Hainaut,Hainaut
160000,4102,HOUSE,HOUSE,GOOD,2,85.0,0,1.0,1.0,75.0,2.0,0.0,0.0,Seraing,Liège
210000,3271,HOUSE,HOUSE,TO_RENOVATE,3,160.0,0,1.0,1.0,890.0,4.0,0.0,0.0,Scherpenheuvel-Zichem,Flemish Brabant
175000,4540,HOUSE,HOUSE,TO_RENOVATE,2,85.0,0,1.0,1.0,380.0,3.0,0.0,0.0,Amay,Liège
270000,4420,HOUSE,BUNGALOW,GOOD,2,90.0,0,1.0,1.0,223.0,3.0,0.0,0.0,Saint-Nicolas,Liège
159000,4000,HOUSE,HOUSE,GOOD,3,87.0,0,1.0,1.0,84.0,2.0,0.0,0.0,Liège,Liège
239000,4030,HOUSE,HOUSE,GOOD,3,130.0,0,1.0,1.0,315.0,2.0,0.0,0.0,Liège,Liège
480000,9040,HOUSE,HOUSE,GOOD,3,136.0,0,1.0,1.0,264.0,3.0,0.0,0.0,Gent,East Flanders
149000,4570,HOUSE,COUNTRY_COTTAGE,GOOD,2,99.0,0,1.0,1.0,1194.0,3.0,0.0,0.0,Marchin,Liège
219000,4100,HOUSE,HOUSE,GOOD,3,90.0,0,1.0,1.0,285.0,3.0,0.0,0.0,Seraing,Liège
169000,4801,HOUSE,HOUSE,TO_BE_DONE_UP,2,85.0,0,1.0,1.0,347.0,4.0,0.0,0.0,Verviers,Liège
210000,4100,HOUSE,HOUSE,JUST_RENOVATED,3,199.0,0,1.0,1.0,450.0,3.0,0.0,0.0,Seraing,Liège
179000,4400,HOUSE,HOUSE,GOOD,2,108.0,0,1.0,1.0,340.0,3.0,0.0,0.0,Flémalle,Liège
250000,1050,APARTMENT,APARTMENT,GOOD,1,45.0,0,1.0,1.0,0.0,2.0,0.0,0.0,Ixelles,Brussels Capital
279000,8560,HOUSE,HOUSE,AS_NEW,2,143.0,0,1.0,1.0,303.0,3.0,0.0,0.0,Wevelgem,Other
245000,9450,HOUSE,HOUSE,TO_RENOVATE,3,160.0,0,1.0,1.0,1000.0,3.0,0.0,0.0,Haaltert,East Flanders
189000,4000,HOUSE,HOUSE,GOOD,3,145.0,0,1.0,1.0,800.0,2.0,0.0,0.0,Liège,Liège
199000,4000,HOUSE,HOUSE,GOOD,4,149.0,0,1.0,1.0,243.0,2.0,0.0,0.0,Liège,Liège
249900,4000,HOUSE,APARTMENT_BLOCK,TO_RENOVATE,3,200.0,0,1.0,1.0,230.0,2.0,0.0,0.0,Liège,Liège
560000,1060,APARTMENT,DUPLEX,GOOD,2,141.0,0,1.0,1.0,0.0,2.0,0.0,0.0,Saint-Gilles,Brussels Capital
349000,4600,HOUSE,HOUSE,GOOD,3,150.0,0,1.0,1.0,490.0,2.0,0.0,0.0,Visé,Liège
249500,4218,HOUSE,HOUSE,GOOD,2,90.0,0,1.0,1.0,666.0,4.0,0.0,0.0,Héron,Other
235000,4800,HOUSE,HOUSE,GOOD,3,113.0,0,1.0,1.0,240.0,2.0,0.0,0.0,Verviers,Liège
524000,2610,HOUSE,HOUSE,AS_NEW,2,150.0,0,1.0,1.0,164.0,2.0,0.0,0.0,Antwerpen,Antwerp
299000,9040,HOUSE,EXCEPTIONAL_PROPERTY,GOOD,2,118.0,0,1.0,1.0,120.0,2.0,0.0,0.0,Gent,East Flanders
285000,1400,HOUSE,HOUSE,TO_BE_DONE_UP,4,256.0,0,1.0,1.0,208.0,2.0,0.0,0.0,Nivelles,Walloon Brabant
475000,9860,HOUSE,HOUSE,AS_NEW,3,134.0,0,1.0,1.0,509.0,4.0,0.0,0.0,Oosterzele,East Flanders
399000,3511,HOUSE,HOUSE,AS_NEW,4,190.0,0,1.0,1.0,1334.0,3.0,0.0,0.0,Hasselt,Limburg
549000,3090,HOUSE,HOUSE,GOOD,4,176.0,0,1.0,1.0,767.0,4.0,0.0,0.0,Overijse,Flemish Brabant
179000,4000,APARTMENT,APARTMENT,AS_NEW,1,71.0,0,1.0,1.0,0.0,2.0,0.0,0.0,Liège,Liège
490000,4623,HOUSE,HOUSE,GOOD,3,236.0,0,1.0,1.0,1080.0,3.0,0.0,0.0,Fléron,Liège
249000,1357,HOUSE,HOUSE,TO_RENOVATE,2,104.0,0,1.0,1.0,955.0,4.0,0.0,0.0,Hélécine,Walloon Brabant
199000,4500,HOUSE,HOUSE,TO_RENOVATE,3,150.0,0,1.0,1.0,968.0,4.0,0.0,0.0,Huy,Liège
270000,1310,APARTMENT,GROUND_FLOOR,GOOD,1,72.0,0,1.0,1.0,0.0,3.0,0.0,0.0,La Hulpe,Walloon Brabant
199000,3300,HOUSE,HOUSE,AS_NEW,3,184.0,0,1.0,1.0,1241.0,3.0,0.0,0.0,Tienen,Other
189000,1440,APARTMENT,GROUND_FLOOR,AS_NEW,1,56.0,0,1.0,1.0,0.0,2.0,0.0,0.0,Braine-le-Château,Walloon Brabant
380000,1702,HOUSE,HOUSE,GOOD,3,145.0,0,1.0,1.0,103.0,3.0,0.0,0.0,Dilbeek,Flemish Brabant
169900,6230,HOUSE,HOUSE,TO_BE_DONE_UP,2,115.0,0,1.0,1.0,690.0,2.0,0.0,0.0,Pont-à-Celles,Hainaut
225000,1357,HOUSE,BUNGALOW,GOOD,2,110.0,0,1.0,1.0,461.0,4.0,0.0,0.0,Hélécine,Walloon Brabant
180000,6951,HOUSE,HOUSE,GOOD,3,110.0,0,1.0,1.0,325.0,3.0,0.0,0.0,Nassogne,Luxembourg
230000,4121,HOUSE,MIXED_USE_BUILDING,GOOD,2,126.0,0,1.0,1.0,367.0,3.0,0.0,0.0,Neupré,Liège
215000,4420,HOUSE,HOUSE,GOOD,2,96.0,0,1.0,1.0,237.0,2.0,0.0,0.0,Saint-Nicolas,Liège
275000,7090,HOUSE,HOUSE,GOOD,3,160.0,0,1.0,1.0,275.0,3.0,0.0,0.0,Braine-le-Comte,Hainaut
295000,1500,HOUSE,HOUSE,GOOD,3,110.0,0,1.0,1.0,260.0,2.0,0.0,0.0,Halle,Flemish Brabant
185000,8587,HOUSE,HOUSE,TO_BE_DONE_UP,3,120.0,0,1.0,1.0,311.0,2.0,0.0,0.0,Espierres-Helchin,Other
299000,6240,APARTMENT,APARTMENT,AS_NEW,3,214.0,0,1.0,1.0,0.0,2.0,0.0,0.0,Farciennes,Hainaut
765000,1000,HOUSE,HOUSE,AS_NEW,4,157.0,0,1.0,1.0,0.0,2.0,0.0,0.0,Saint-Josse-ten-Noode,Brussels Capital
239000,4460,HOUSE,HOUSE,AS_NEW,4,137.0,0,1.0,1.0,312.0,2.0,0.0,0.0,Grâce-Hollogne,Liège
249000,4610,HOUSE,HOUSE,AS_NEW,2,135.0,0,1.0,1.0,306.0,4.0,0.0,0.0,Beyne-Heusay,Liège
179000,4100,HOUSE,HOUSE,GOOD,3,125.0,0,1.0,1.0,226.0,2.0,0.0,0.0,Seraing,Liège
655000,1020,APARTMENT,LOFT,AS_NEW,2,189.0,0,1.0,1.0,0.0,2.0,0.0,0.0,Bruxelles,Brussels Capital
550000,6900,HOUSE,HOUSE,GOOD,2,216.0,0,1.0,1.0,1207.0,4.0,0.0,0.0,Marche-en-Famenne,Luxembourg
395000,2547,HOUSE,HOUSE,TO_BE_DONE_UP,4,200.0,0,1.0,1.0,479.0,3.0,0.0,0.0,Lint,Antwerp
429000,1853,HOUSE,HOUSE,GOOD,4,150.0,0,1.0,1.0,150.0,2.0,0.0,0.0,Grimbergen,Flemish Brabant
239000,9600,HOUSE,HOUSE,TO_BE_DONE_UP,4,232.0,0,1.0,1.0,260.0,2.0,0.0,0.0,Renaix,East Flanders
548000,1050,APARTMENT,GROUND_FLOOR,TO_RENOVATE,3,123.0,0,1.0,1.0,0.0,2.0,0.0,0.0,Ixelles,Brussels Capital
649000,1020,HOUSE,HOUSE,GOOD,4,240.0,0,1.0,1.0,326.0,3.0,0.0,0.0,Bruxelles,Brussels Capital
595000,1340,HOUSE,HOUSE,TO_BE_DONE_UP,3,190.0,0,1.0,1.0,1461.0,4.0,0.0,0.0,Ottignies-Louvain-la-Neuve,Walloon Brabant
299000,4020,HOUSE,HOUSE,GOOD,2,127.0,0,1.0,1.0,550.0,3.0,0.0,0.0,Liège,Liège
249900,6230,HOUSE,TOWN_HOUSE,GOOD,2,120.0,0,1.0,1.0,115.0,2.0,0.0,0.0,Pont-à-Celles,Hainaut
189000,4020,HOUSE,HOUSE,GOOD,2,121.0,0,1.0,1.0,226.0,3.0,0.0,0.0,Liège,Liège
460000,1160,HOUSE,HOUSE,TO_BE_DONE_UP,4,140.0,0,1.0,1.0,165.0,2.0,0.0,0.0,Auderghem,Brussels Capital
319000,3300,HOUSE,HOUSE,TO_RENOVATE,3,220.0,0,1.0,1.0,408.0,2.0,0.0,0.0,Tienen,Other
299000,9000,APARTMENT,APARTMENT,TO_RENOVATE,4,150.0,0,1.0,1.0,0.0,2.0,0.0,0.0,Gent,East Flanders
525000,1450,HOUSE,VILLA,GOOD,3,170.0,0,1.0,1.0,1155.0,4.0,0.0,0.0,Chastre,Walloon Brabant
279000,2660,HOUSE,HOUSE,TO_BE_DONE_UP,3,115.0,0,1.0,1.0,186.0,2.0,0.0,0.0,Antwerpen,Antwerp
439000,4540,HOUSE,HOUSE,AS_NEW,3,225.0,0,1.0,1.0,601.0,4.0,0.0,0.0,Amay,Liège
650000,1020,HOUSE,MIXED_USE_BUILDING,GOOD,2,255.0,0,1.0,1.0,200.0,4.0,0.0,0.0,Bruxelles,Brussels Capital
190000,6031,HOUSE,HOUSE,TO_RENOVATE,2,117.0,0,1.0,1.0,1100.0,3.0,0.0,0.0,Charleroi,Hainaut
575000,1980,HOUSE,HOUSE,AS_NEW,2,180.0,0,1.0,1.0,846.0,3.0,0.0,0.0,Zemst,Flemish Brabant
550000,1190,HOUSE,HOUSE,GOOD,3,158.0,0,1.0,1.0,60.0,2.0,0.0,0.0,Forest,Brussels Capital
335000,6990,HOUSE,HOUSE,AS_NEW,4,181.0,0,1.0,1.0,393.0,3.0,0.0,0.0,Hotton,Luxembourg
220000,4102,HOUSE,HOUSE,AS_NEW,4,125.0,0,1.0,1.0,230.0,2.0,0.0,0.0,Seraing,Liège
599000,8000,HOUSE,HOUSE,GOOD,3,215.0,0,1.0,1.0,478.0,4.0,0.0,0.0,Brugge,Other
325000,4607,HOUSE,HOUSE,JUST_RENOVATED,2,145.0,0,1.0,1.0,1212.0,3.0,0.0,0.0,Dalhem,Liège
410000,2140,HOUSE,HOUSE,JUST_RENOVATED,3,164.0,0,1.0,1.0,251.0,2.0,0.0,0.0,Antwerpen,Antwerp
95000,8500,HOUSE,HOUSE,TO_RENOVATE,1,49.0,0,1.0,1.0,58.0,2.0,0.0,0.0,Kortrijk,Other
220000,4600,HOUSE,BUNGALOW,TO_BE_DONE_UP,3,100.0,0,1.0,1.0,425.0,4.0,0.0,0.0,Visé,Liège
260000,4480,HOUSE,HOUSE,GOOD,4,152.0,0,1.0,1.0,696.0,4.0,0.0,0.0,Engis,Liège
165000,4102,HOUSE,HOUSE,GOOD,2,98.0,0,1.0,1.0,163.0,2.0,0.0,0.0,Seraing,Liège
399000,1800,HOUSE,HOUSE,GOOD,4,160.0,0,1.0,1.0,209.0,2.0,0.0,0.0,Vilvoorde,Flemish Brabant
409000,2660,HOUSE,HOUSE,GOOD,3,190.0,0,1.0,1.0,134.0,2.0,0.0,0.0,Antwerpen,Antwerp
59900,6833,HOUSE,HOUSE,TO_RENOVATE,3,170.0,0,1.0,1.0,289.0,3.0,0.0,0.0,Bouillon,Luxembourg
598000,1150,APARTMENT,TRIPLEX,GOOD,3,135.0,0,1.0,1.0,0.0,2.0,0.0,0.0,Woluwe-Saint-Pierre,Brussels Capital
390000,1420,HOUSE,HOUSE,GOOD,3,195.0,0,1.0,1.0,290.0,2.0,0.0,0.0,Braine-l'Alleud,Walloon Brabant
30000,4171,HOUSE,HOUSE,GOOD,2,106.0,0,1.0,1.0,636.0,3.0,0.0,0.0,Comblain-au-Pont,Liège
689000,2970,HOUSE,HOUSE,AS_NEW,4,162.0,0,1.0,1.0,389.0,3.0,0.0,0.0,Schilde,Antwerp
229000,4000,HOUSE,HOUSE,GOOD,3,123.0,0,1.0,1.0,279.0,2.0,0.0,0.0,Liège,Liège
235000,1020,APARTMENT,GROUND_FLOOR,AS_NEW,1,71.0,0,1.0,1.0,0.0,2.0,0.0,0.0,Bruxelles,Brussels Capital
429000,9420,HOUSE,VILLA,TO_RENOVATE,4,245.0,0,1.0,1.0,1021.0,4.0,0.0,0.0,Erpe-Mere,East Flanders
389000,6850,HOUSE,APARTMENT_BLOCK,GOOD,3,260.0,0,1.0,1.0,403.0,3.0,0.0,0.0,Paliseul,Luxembourg
199000,4040,HOUSE,HOUSE,GOOD,4,135.0,0,1.0,1.0,555.0,2.0,0.0,0.0,Herstal,Liège
429000,4340,HOUSE,HOUSE,GOOD,2,203.0,0,1.0,1.0,1100.0,4.0,0.0,0.0,Awans,Liège
279000,4430,HOUSE,HOUSE,AS_NEW,3,122.0,0,1.0,1.0,100.0,2.0,0.0,0.0,Ans,Liège
299000,4040,HOUSE,HOUSE,JUST_RENOVATED,3,168.0,0,1.0,1.0,225.0,2.0,0.0,0.0,Herstal,Liège
169000,4040,HOUSE,HOUSE,TO_RENOVATE,4,180.0,0,1.0,1.0,161.0,2.0,0.0,0.0,Herstal,Liège
349000,9570,HOUSE,HOUSE,AS_NEW,3,185.0,0,1.0,1.0,866.0,4.0,0.0,0.0,Lierde,East Flanders
249000,4032,HOUSE,HOUSE,JUST_RENOVATED,4,139.0,0,1.0,1.0,181.0,2.0,0.0,0.0,Liège,Liège
319000,1480,HOUSE,HOUSE,GOOD,4,160.0,0,1.0,1.0,0.0,2.0,0.0,0.0,Tubize,Walloon Brabant
229000,4360,HOUSE,HOUSE,GOOD,3,185.0,0,1.0,1.0,620.0,3.0,0.0,0.0,Oreye,Liège
435000,4360,HOUSE,VILLA,GOOD,4,175.0,0,1.0,1.0,1303.0,4.0,0.0,0.0,Oreye,Liège
379000,6670,HOUSE,HOUSE,GOOD,4,205.0,0,1.0,1.0,495.0,3.0,0.0,0.0,Gouvy,Luxembourg
268650,4287,HOUSE,HOUSE,AS_NEW,3,125.0,0,1.0,1.0,1034.0,3.0,0.0,0.0,Lincent,Other
449000,4802,HOUSE,HOUSE,GOOD,4,149.0,0,1.0,1.0,1101.0,4.0,0.0,0.0,Verviers,Liège
369500,4671,HOUSE,HOUSE,AS_NEW,3,124.0,0,1.0,1.0,523.0,4.0,0.0,0.0,Blegny,Liège
149000,7110,HOUSE,HOUSE,TO_BE_DONE_UP,2,132.0,0,1.0,1.0,100.0,2.0,0.0,0.0,La Louvière,Hainaut
70000,4050,HOUSE,HOUSE,TO_RENOVATE,2,65.0,0,1.0,1.0,371.0,4.0,0.0,0.0,Chaudfontaine,Liège
325000,2540,HOUSE,HOUSE,GOOD,2,124.0,0,1.0,1.0,163.0,2.0,0.0,0.0,Hove,Antwerp
295000,4600,HOUSE,HOUSE,GOOD,4,172.0,0,1.0,1.0,150.0,2.0,0.0,0.0,Visé,Liège
289000,7711,HOUSE,HOUSE,GOOD,3,104.0,0,1.0,1.0,132.0,3.0,0.0,0.0,Mouscron,Hainaut
299000,6220,HOUSE,HOUSE,AS_NEW,3,168.0,0,1.0,1.0,380.0,2.0,0.0,0.0,Fleurus,Hainaut
199000,3300,HOUSE,HOUSE,TO_RENOVATE,2,116.0,0,1.0,1.0,110.0,2.0,0.0,0.0,Tienen,Other
260000,4121,HOUSE,HOUSE,TO_BE_DONE_UP,2,140.0,0,1.0,1.0,1219.0,3.0,0.0,0.0,Neupré,Liège
85000,7080,HOUSE,HOUSE,TO_RENOVATE,2,95.0,0,1.0,1.0,90.0,2.0,0.0,0.0,Frameries,Hainaut
149000,8800,HOUSE,HOUSE,GOOD,3,151.0,0,1.0,1.0,249.0,2.0,0.0,0.0,Roeselare,Other
249000,4630,HOUSE,HOUSE,AS_NEW,4,180.0,0,1.0,1.0,170.0,2.0,0.0,0.0,Soumagne,Liège
270000,4400,HOUSE,BUNGALOW,GOOD,2,138.0,0,1.0,1.0,1336.0,4.0,0.0,0.0,Flémalle,Liège
179000,4031,HOUSE,HOUSE,TO_RENOVATE,4,203.0,0,1.0,1.0,352.0,2.0,0.0,0.0,Liège,Liège
449000,1325,HOUSE,APARTMENT_BLOCK,TO_BE_DONE_UP,4,198.0,0,1.0,1.0,836.0,4.0,0.0,0.0,Chaumont-Gistoux,Walloon Brabant
175000,4180,HOUSE,HOUSE,GOOD,3,102.0,0,1.0,1.0,770.0,4.0,0.0,0.0,Hamoir,Liège
267000,4030,HOUSE,HOUSE,AS_NEW,3,150.0,0,1.0,1.0,125.0,2.0,0.0,0.0,Liège,Liège
500000,1140,HOUSE,APARTMENT_BLOCK,TO_BE_DONE_UP,2,185.0,0,1.0,1.0,99.0,3.0,0.0,0.0,Evere,Brussels Capital
109000,4100,APARTMENT,GROUND_FLOOR,GOOD,2,117.0,0,1.0,1.0,0.0,2.0,0.0,0.0,Seraing,Liège
395000,4210,HOUSE,HOUSE,GOOD,2,157.0,0,1.0,1.0,156.0,3.0,0.0,0.0,Burdinne,Other
469000,1070,HOUSE,HOUSE,AS_NEW,3,213.0,0,1.0,1.0,33.0,2.0,0.0,0.0,Anderlecht,Brussels Capital
295000,7190,HOUSE,HOUSE,AS_NEW,4,190.0,0,1.0,1.0,470.0,2.0,0.0,0.0,Écaussinnes,Hainaut
199900,4102,HOUSE,HOUSE,AS_NEW,3,131.0,0,1.0,1.0,160.0,2.0,0.0,0.0,Seraing,Liège
389000,4020,HOUSE,HOUSE,AS_NEW,4,220.0,0,1.0,1.0,1308.0,4.0,0.0,0.0,Liège,Liège
450000,5000,HOUSE,HOUSE,GOOD,4,235.0,0,1.0,1.0,290.0,2.0,0.0,0.0,Namur,Namur
269000,4000,HOUSE,HOUSE,AS_NEW,3,120.0,0,1.0,1.0,186.0,2.0,0.0,0.0,Liège,Liège
420000,3890,HOUSE,VILLA,AS_NEW,3,150.0,0,1.0,1.0,628.0,4.0,0.0,0.0,Gingelom,Limburg
199000,4020,HOUSE,HOUSE,AS_NEW,3,102.0,0,1.0,1.0,66.0,2.0,0.0,0.0,Liège,Liège
350000,4400,HOUSE,MIXED_USE_BUILDING,GOOD,3,120.0,0,1.0,1.0,393.0,2.0,0.0,0.0,Flémalle,Liège
329000,6900,HOUSE,HOUSE,GOOD,4,261.0,0,1.0,1.0,1102.0,4.0,0.0,0.0,Marche-en-Famenne,Luxembourg
174000,4460,HOUSE,HOUSE,GOOD,4,111.0,0,1.0,1.0,280.0,2.0,0.0,0.0,Grâce-Hollogne,Liège
219000,4040,HOUSE,MIXED_USE_BUILDING,TO_BE_DONE_UP,2,212.0,0,1.0,1.0,195.0,3.0,0.0,0.0,Herstal,Liège
506700,2340,HOUSE,HOUSE,AS_NEW,3,191.0,0,1.0,1.0,582.0,4.0,0.0,0.0,Beerse,Antwerp
298000,3090,HOUSE,HOUSE,TO_RENOVATE,3,144.0,0,1.0,1.0,663.0,3.0,0.0,0.0,Overijse,Flemish Brabant
329000,4590,HOUSE,BUNGALOW,GOOD,3,150.0,0,1.0,1.0,684.0,4.0,0.0,0.0,Ouffet,Liège
439000,9000,HOUSE,HOUSE,GOOD,4,176.0,0,1.0,1.0,186.0,2.0,0.0,0.0,Gent,East Flanders
229900,6880,APARTMENT,APARTMENT,AS_NEW,2,90.0,0,1.0,1.0,0.0,2.0,0.0,0.0,Bertrix,Luxembourg
225000,6180,HOUSE,HOUSE,GOOD,3,138.0,0,1.0,1.0,200.0,3.0,0.0,0.0,Courcelles,Hainaut
260000,4020,HOUSE,HOUSE,GOOD,3,155.0,0,1.0,1.0,350.0,3.0,0.0,0.0,Liège,Liège
249000,1030,APARTMENT,GROUND_FLOOR,TO_RENOVATE,1,96.0,0,1.0,1.0,0.0,2.0,0.0,0.0,Schaerbeek,Brussels Capital
440000,1082,HOUSE,HOUSE,AS_NEW,4,197.0,0,1.0,1.0,183.0,2.0,0.0,0.0,Berchem-Sainte-Agathe,Brussels Capital
260000,7910,HOUSE,HOUSE,JUST_RENOVATED,3,180.0,0,1.0,1.0,732.0,4.0,0.0,0.0,Frasnes-lez-Anvaing,Hainaut
249000,4032,HOUSE,HOUSE,AS_NEW,3,120.0,0,1.0,1.0,145.0,2.0,0.0,0.0,Liège,Liège
390000,6792,HOUSE,VILLA,GOOD,2,172.0,0,1.0,1.0,875.0,4.0,0.0,0.0,Aubange,Luxembourg
225000,4102,HOUSE,HOUSE,AS_NEW,3,130.0,0,1.0,1.0,210.0,2.0,0.0,0.0,Seraing,Liège
275000,3060,HOUSE,HOUSE,TO_RENOVATE,3,149.0,0,1.0,1.0,0.0,2.0,0.0,0.0,Bertem,Flemish Brabant
249000,1357,HOUSE,HOUSE,GOOD,3,179.0,0,1.0,1.0,608.0,3.0,0.0,0.0,Hélécine,Walloon Brabant
295000,5190,HOUSE,HOUSE,AS_NEW,2,101.0,0,1.0,1.0,579.0,4.0,0.0,0.0,Jemeppe-sur-Sambre,Namur
250000,5101,HOUSE,HOUSE,TO_RENOVATE,3,183.0,0,1.0,1.0,680.0,2.0,0.0,0.0,Namur,Namur
745000,1150,HOUSE,HOUSE,AS_NEW,4,150.0,0,1.0,1.0,275.0,3.0,0.0,0.0,Woluwe-Saint-Pierre,Brussels Capital
359000,9280,HOUSE,HOUSE,AS_NEW,3,190.0,0,1.0,1.0,0.0,3.0,0.0,0.0,Lebbeke,East Flanders
450000,7500,HOUSE,HOUSE,JUST_RENOVATED,3,230.0,0,1.0,1.0,100.0,2.0,0.0,0.0,Tournai,Hainaut
179000,4102,HOUSE,HOUSE,GOOD,3,103.0,0,1.0,1.0,178.0,2.0,0.0,0.0,Seraing,Liège
249000,4650,HOUSE,HOUSE,TO_BE_DONE_UP,3,169.0,0,1.0,1.0,550.0,3.0,0.0,0.0,Herve,Liège
680000,1030,HOUSE,MIXED_USE_BUILDING,GOOD,4,268.0,0,1.0,1.0,136.0,2.0,0.0,0.0,Schaerbeek,Brussels Capital
360000,9041,HOUSE,HOUSE,GOOD,4,218.0,0,1.0,1.0,195.0,2.0,0.0,0.0,Gent,East Flanders
395000,1800,HOUSE,HOUSE,TO_RENOVATE,3,183.0,0,1.0,1.0,551.0,2.0,0.0,0.0,Vilvoorde,Flemish Brabant
649500,9840,HOUSE,HOUSE,JUST_RENOVATED,4,211.0,0,1.0,1.0,579.0,3.0,0.0,0.0,De Pinte,East Flanders
179000,4420,HOUSE,HOUSE,AS_NEW,3,100.0,0,1.0,1.0,120.0,2.0,0.0,0.0,Saint-Nicolas,Liège
325000,4670,HOUSE,HOUSE,GOOD,4,185.0,0,1.0,1.0,750.0,4.0,0.0,0.0,Blegny,Liège
590000,4900,HOUSE,VILLA,AS_NEW,4,190.0,0,1.0,1.0,777.0,3.0,0.0,0.0,Spa,Liège
589000,9290,HOUSE,HOUSE,AS_NEW,3,155.0,0,1.0,1.0,397.0,4.0,0.0,0.0,Berlare,East Flanders
295000,4845,APARTMENT,APARTMENT,AS_NEW,2,110.0,0,1.0,1.0,0.0,3.0,0.0,0.0,Jalhay,Liège
220000,1770,HOUSE,HOUSE,TO_BE_DONE_UP,3,114.0,0,1.0,1.0,403.0,3.0,0.0,0.0,Liedekerke,Flemish Brabant
472000,9840,HOUSE,HOUSE,GOOD,4,184.0,0,1.0,1.0,728.0,4.0,0.0,0.0,De Pinte,East Flanders
230000,4460,HOUSE,HOUSE,TO_RENOVATE,3,200.0,0,1.0,1.0,1100.0,3.0,0.0,0.0,Grâce-Hollogne,Liège
469000,4000,HOUSE,APARTMENT_BLOCK,TO_BE_DONE_UP,4,200.0,0,1.0,1.0,200.0,2.0,0.0,0.0,Liège,Liège
235000,9990,HOUSE,HOUSE,TO_RENOVATE,3,105.0,0,1.0,1.0,310.0,3.0,0.0,0.0,Maldegem,East Flanders
310000,9100,HOUSE,HOUSE,AS_NEW,3,128.0,0,1.0,1.0,168.0,2.0,0.0,0.0,Sint-Niklaas,East Flanders
260000,4682,HOUSE,HOUSE,GOOD,3,121.0,0,1.0,1.0,337.0,3.0,0.0,0.0,Oupeye,Liège
179000,1370,APARTMENT,APARTMENT,TO_BE_DONE_UP,2,97.0,0,1.0,1.0,0.0,2.0,0.0,0.0,Jodoigne,Walloon Brabant
230000,1082,HOUSE,HOUSE,TO_RENOVATE,2,106.0,0,1.0,1.0,172.0,2.0,0.0,0.0,Berchem-Sainte-Agathe,Brussels Capital
465000,1654,HOUSE,HOUSE,GOOD,4,210.0,0,1.0,1.0,679.0,3.0,0.0,0.0,Beersel,Flemish Brabant
249000,4420,HOUSE,HOUSE,GOOD,4,170.0,0,1.0,1.0,438.0,2.0,0.0,0.0,Saint-Nicolas,Liège
439000,4845,HOUSE,HOUSE,GOOD,4,230.0,0,1.0,1.0,310.0,3.0,0.0,0.0,Jalhay,Liège
195000,6211,HOUSE,HOUSE,JUST_RENOVATED,3,152.0,0,1.0,1.0,125.0,3.0,0.0,0.0,Les Bons Villers,Hainaut
430000,1070,HOUSE,APARTMENT_BLOCK,AS_NEW,3,161.0,0,1.0,1.0,115.0,2.0,0.0,0.0,Anderlecht,Brussels Capital
240000,1790,HOUSE,HOUSE,TO_RENOVATE,3,200.0,0,1.0,1.0,552.0,2.0,0.0,0.0,Affligem,Flemish Brabant
372000,9820,HOUSE,HOUSE,AS_NEW,2,116.0,0,1.0,1.0,190.0,2.0,0.0,0.0,Merelbeke,East Flanders
289000,4280,HOUSE,HOUSE,GOOD,2,130.0,0,1.0,1.0,500.0,4.0,0.0,0.0,Hannut,Other
160000,5670,HOUSE,HOUSE,GOOD,2,145.0,0,1.0,1.0,295.0,3.0,0.0,0.0,Viroinval,Namur
95000,9500,HOUSE,HOUSE,TO_RENOVATE,2,112.0,0,1.0,1.0,230.0,2.0,0.0,0.0,Geraardsbergen,East Flanders
160000,4102,HOUSE,HOUSE,GOOD,2,85.0,0,1.0,1.0,75.0,2.0,0.0,0.0,Seraing,Liège
389000,1930,HOUSE,HOUSE,GOOD,4,215.0,0,1.0,1.0,60.0,2.0,0.0,0.0,Zaventem,Flemish Brabant
225000,9200,HOUSE,HOUSE,AS_NEW,1,100.0,0,1.0,1.0,172.0,3.0,0.0,0.0,Dendermonde,East Flanders
275000,4000,HOUSE,HOUSE,TO_RENOVATE,4,207.0,0,1.0,1.0,192.0,2.0,0.0,0.0,Liège,Liège
429000,1630,APARTMENT,GROUND_FLOOR,AS_NEW,2,102.0,0,1.0,1.0,0.0,2.0,0.0,0.0,Linkebeek,Flemish Brabant
490000,1050,HOUSE,HOUSE,TO_RENOVATE,3,150.0,0,1.0,1.0,0.0,2.0,0.0,0.0,Ixelles,Brussels Capital
459000,2390,HOUSE,HOUSE,JUST_RENOVATED,4,160.0,0,1.0,1.0,307.0,3.0,0.0,0.0,Malle,Antwerp
265000,4400,HOUSE,HOUSE,AS_NEW,3,135.0,0,1.0,1.0,145.0,2.0,0.0,0.0,Flémalle,Liège
249000,4040,HOUSE,HOUSE,TO_BE_DONE_UP,4,135.0,0,1.0,1.0,232.0,2.0,0.0,0.0,Herstal,Liège
245000,7181,HOUSE,HOUSE,GOOD,2,120.0,0,1.0,1.0,421.0,4.0,0.0,0.0,Seneffe,Hainaut
249000,4460,HOUSE,HOUSE,GOOD,3,157.0,0,1.0,1.0,204.0,2.0,0.0,0.0,Grâce-Hollogne,Liège
285000,1420,HOUSE,HOUSE,TO_RENOVATE,3,140.0,0,1.0,1.0,205.0,2.0,0.0,0.0,Braine-l'Alleud,Walloon Brabant
450000,1083,HOUSE,HOUSE,JUST_RENOVATED,3,159.0,0,1.0,1.0,120.0,2.0,0.0,0.0,Ganshoren,Brussels Capital
395000,1380,APARTMENT,GROUND_FLOOR,AS_NEW,2,98.0,0,1.0,1.0,0.0,3.0,0.0,0.0,Lasne,Walloon Brabant
375000,4520,HOUSE,HOUSE,GOOD,3,184.0,0,1.0,1.0,1193.0,3.0,0.0,0.0,Wanze,Liège
239000,9600,HOUSE,HOUSE,TO_RENOVATE,3,165.0,0,1.0,1.0,674.0,3.0,0.0,0.0,Renaix,East Flanders
700000,1300,HOUSE,APARTMENT_BLOCK,GOOD,4,203.0,0,1.0,1.0,290.0,3.0,0.0,0.0,Wavre,Walloon Brabant
260000,9220,HOUSE,HOUSE,GOOD,3,182.0,0,1.0,1.0,213.0,2.0,0.0,0.0,Hamme,East Flanders
239000,4030,HOUSE,HOUSE,GOOD,3,130.0,0,1.0,1.0,217.0,2.0,0.0,0.0,Liège,Liège
395000,9160,HOUSE,VILLA,TO_BE_DONE_UP,4,140.0,0,1.0,1.0,759.0,4.0,0.0,0.0,Lokeren,East Flanders
260000,1350,HOUSE,HOUSE,GOOD,4,138.0,0,1.0,1.0,350.0,3.0,0.0,0.0,Orp-Jauche,Walloon Brabant
485000,1410,HOUSE,HOUSE,GOOD,4,185.0,0,1.0,1.0,455.0,3.0,0.0,0.0,Waterloo,Walloon Brabant
399000,1040,APARTMENT,APARTMENT,GOOD,2,98.0,0,1.0,1.0,0.0,2.0,0.0,0.0,Bruxelles,Brussels Capital
99900,4400,HOUSE,HOUSE,TO_BE_DONE_UP,2,101.0,0,1.0,1.0,378.0,3.0,0.0,0.0,Flémalle,Liège
375000,1790,HOUSE,HOUSE,GOOD,3,183.0,0,1.0,1.0,254.0,3.0,0.0,0.0,Affligem,Flemish Brabant
255000,9230,HOUSE,HOUSE,GOOD,2,121.0,0,1.0,1.0,130.0,3.0,0.0,0.0,Wetteren,East Flanders
149000,4040,HOUSE,HOUSE,TO_RENOVATE,3,108.0,0,1.0,1.0,70.0,2.0,0.0,0.0,Herstal,Liège
289000,6000,HOUSE,HOUSE,GOOD,3,165.0,0,1.0,1.0,899.0,3.0,0.0,0.0,Charleroi,Hainaut
417000,8210,HOUSE,HOUSE,AS_NEW,3,153.0,0,1.0,1.0,512.0,3.0,0.0,0.0,Zedelgem,Other
260000,4400,HOUSE,APARTMENT_BLOCK,AS_NEW,3,185.0,0,1.0,1.0,250.0,3.0,0.0,0.0,Flémalle,Liège
119000,7100,HOUSE,HOUSE,TO_RENOVATE,2,122.0,0,1.0,1.0,200.0,3.0,0.0,0.0,La Louvière,Hainaut
119000,5575,HOUSE,HOUSE,GOOD,1,47.0,0,1.0,1.0,100.0,4.0,0.0,0.0,Gedinne,Namur
195000,4100,HOUSE,HOUSE,GOOD,2,107.0,0,1.0,1.0,276.0,2.0,0.0,0.0,Seraing,Liège
144000,4400,HOUSE,HOUSE,TO_BE_DONE_UP,2,115.0,0,1.0,1.0,205.0,3.0,0.0,0.0,Flémalle,Liège
310000,2180,HOUSE,HOUSE,TO_BE_DONE_UP,2,120.0,0,1.0,1.0,170.0,2.0,0.0,0.0,Antwerpen,Antwerp
175000,4450,APARTMENT,APARTMENT,GOOD,2,85.0,0,1.0,1.0,0.0,2.0,0.0,0.0,Juprelle,Liège
200000,4100,HOUSE,MIXED_USE_BUILDING,GOOD,4,200.0,0,1.0,1.0,140.0,2.0,0.0,0.0,Seraing,Liège
349000,6700,HOUSE,HOUSE,GOOD,3,136.0,0,1.0,1.0,719.0,4.0,0.0,0.0,Arlon,Luxembourg
179000,6951,HOUSE,HOUSE,GOOD,4,158.0,0,1.0,1.0,471.0,3.0,0.0,0.0,Nassogne,Luxembourg
425000,9031,HOUSE,HOUSE,GOOD,3,120.0,0,1.0,1.0,793.0,3.0,0.0,0.0,Gent,East Flanders
279000,2170,APARTMENT,APARTMENT,AS_NEW,2,79.0,0,1.0,1.0,0.0,2.0,0.0,0.0,Antwerpen,Antwerp
214000,4682,HOUSE,HOUSE,GOOD,2,124.0,0,1.0,1.0,330.0,2.0,0.0,0.0,Oupeye,Liège
295000,4140,HOUSE,HOUSE,AS_NEW,2,89.0,0,1.0,1.0,1225.0,4.0,0.0,0.0,Sprimont,Liège
199000,4280,HOUSE,HOUSE,GOOD,3,184.0,0,1.0,1.0,576.0,3.0,0.0,0.0,Hannut,Other
695000,8300,HOUSE,VILLA,GOOD,4,163.0,0,1.0,1.0,688.0,4.0,0.0,0.0,Knokke-Heist,Other
349000,8870,HOUSE,HOUSE,GOOD,3,136.0,0,1.0,1.0,324.0,3.0,0.0,0.0,Izegem,Other
329900,8700,HOUSE,HOUSE,GOOD,3,157.0,0,1.0,1.0,604.0,3.0,0.0,0.0,Tielt,Other
260000,1370,HOUSE,HOUSE,GOOD,4,138.0,0,1.0,1.0,350.0,3.0,0.0,0.0,Jodoigne,Walloon Brabant
260000,7901,HOUSE,VILLA,GOOD,3,224.0,0,1.0,1.0,769.0,4.0,0.0,0.0,Leuze-en-Hainaut,Hainaut
299000,6800,HOUSE,HOUSE,TO_BE_DONE_UP,3,150.0,0,1.0,1.0,610.0,4.0,0.0,0.0,Libramont-Chevigny,Luxembourg
219000,4122,HOUSE,HOUSE,TO_RENOVATE,2,110.0,0,1.0,1.0,233.0,3.0,0.0,0.0,Neupré,Liège
169000,4100,HOUSE,HOUSE,TO_BE_DONE_UP,3,115.0,0,1.0,1.0,310.0,2.0,0.0,0.0,Seraing,Liège
189000,9450,HOUSE,HOUSE,TO_BE_DONE_UP,2,134.0,0,1.0,1.0,340.0,2.0,0.0,0.0,Haaltert,East Flanders
249000,4041,HOUSE,HOUSE,GOOD,4,176.0,0,1.0,1.0,943.0,4.0,0.0,0.0,Herstal,Liège
169000,4102,HOUSE,TOWN_HOUSE,GOOD,2,160.0,0,1.0,1.0,121.0,2.0,0.0,0.0,Seraing,Liège
330000,4470,HOUSE,HOUSE,AS_NEW,4,135.0,0,1.0,1.0,325.0,3.0,0.0,0.0,Saint-Georges-sur-Meuse,Liège
440000,1800,HOUSE,HOUSE,GOOD,3,150.0,0,1.0,1.0,200.0,3.0,0.0,0.0,Vilvoorde,Flemish Brabant
129000,4102,HOUSE,HOUSE,TO_BE_DONE_UP,4,135.0,0,1.0,1.0,140.0,3.0,0.0,0.0,Seraing,Liège
220000,4800,HOUSE,HOUSE,GOOD,3,92.0,0,1.0,1.0,261.0,2.0,0.0,0.0,Verviers,Liège
599000,1020,HOUSE,VILLA,TO_RENOVATE,4,200.0,0,1.0,1.0,1200.0,4.0,0.0,0.0,Bruxelles,Brussels Capital
348000,3090,HOUSE,HOUSE,TO_BE_DONE_UP,3,118.0,0,1.0,1.0,298.0,2.0,0.0,0.0,Overijse,Flemish Brabant
268000,7100,HOUSE,HOUSE,GOOD,3,122.0,0,1.0,1.0,1158.0,2.0,0.0,0.0,La Louvière,Hainaut
499000,8200,HOUSE,HOUSE,GOOD,4,195.0,0,1.0,1.0,731.0,4.0,0.0,0.0,Brugge,Other
289000,6890,HOUSE,HOUSE,GOOD,3,126.0,0,1.0,1.0,450.0,3.0,0.0,0.0,Libin,Luxembourg
480000,9040,HOUSE,HOUSE,GOOD,3,135.0,0,1.0,1.0,263.0,3.0,0.0,0.0,Gent,East Flanders
299500,4190,HOUSE,HOUSE,AS_NEW,3,111.0,0,1.0,1.0,609.0,4.0,0.0,0.0,Ferrières,Liège
470000,1930,HOUSE,HOUSE,GOOD,3,140.0,0,1.0,1.0,450.0,3.0,0.0,0.0,Zaventem,Flemish Brabant
649000,1800,HOUSE,HOUSE,AS_NEW,3,240.0,0,1.0,1.0,435.0,4.0,0.0,0.0,Vilvoorde,Flemish Brabant
599000,1800,HOUSE,HOUSE,TO_BE_DONE_UP,4,244.0,0,1.0,1.0,0.0,2.0,0.0,0.0,Vilvoorde,Flemish Brabant
185000,4040,HOUSE,HOUSE,GOOD,3,112.0,0,1.0,1.0,110.0,2.0,0.0,0.0,Herstal,Liège
350000,4020,HOUSE,EXCEPTIONAL_PROPERTY,GOOD,4,192.0,0,1.0,1.0,599.0,3.0,0.0,0.0,Liège,Liège
499000,4870,HOUSE,HOUSE,GOOD,3,174.0,0,1.0,1.0,573.0,3.0,0.0,0.0,Olne,Liège
549000,1090,HOUSE,APARTMENT_BLOCK,GOOD,4,175.0,0,1.0,1.0,265.0,2.0,0.0,0.0,Jette,Brussels Capital
220000,5575,HOUSE,HOUSE,AS_NEW,4,158.0,0,1.0,1.0,560.0,4.0,0.0,0.0,Gedinne,Namur
295000,6238,HOUSE,HOUSE,AS_NEW,4,150.0,0,1.0,1.0,543.0,3.0,0.0,0.0,Pont-à-Celles,Hainaut
349000,1830,APARTMENT,APARTMENT,AS_NEW,2,90.0,0,1.0,1.0,0.0,2.0,0.0,0.0,Machelen,Flemish Brabant
210000,2850,HOUSE,HOUSE,TO_RENOVATE,2,125.0,0,1.0,1.0,138.0,2.0,0.0,0.0,Boom,Antwerp
299500,4520,HOUSE,HOUSE,GOOD,3,160.0,0,1.0,1.0,420.0,4.0,0.0,0.0,Wanze,Liège
450000,1120,HOUSE,HOUSE,GOOD,4,160.0,0,1.0,1.0,196.0,2.0,0.0,0.0,Bruxelles,Brussels Capital
370000,6700,HOUSE,HOUSE,GOOD,3,202.0,0,1.0,1.0,432.0,3.0,0.0,0.0,Arlon,Luxembourg
524000,2610,HOUSE,HOUSE,AS_NEW,2,150.0,0,1.0,1.0,164.0,2.0,0.0,0.0,Antwerpen,Antwerp
199500,4570,HOUSE,HOUSE,TO_BE_DONE_UP,3,240.0,0,1.0,1.0,650.0,4.0,0.0,0.0,Marchin,Liège
249000,4000,HOUSE,HOUSE,GOOD,4,252.0,0,1.0,1.0,187.0,2.0,0.0,0.0,Liège,Liège
595000,1342,HOUSE,HOUSE,TO_BE_DONE_UP,3,190.0,0,1.0,1.0,1461.0,4.0,0.0,0.0,Ottignies-Louvain-la-Neuve,Walloon Brabant
199000,4100,HOUSE,HOUSE,JUST_RENOVATED,4,160.0,0,1.0,1.0,285.0,2.0,0.0,0.0,Seraing,Liège
360000,4190,HOUSE,HOUSE,GOOD,4,200.0,0,1.0,1.0,555.0,4.0,0.0,0.0,Ferrières,Liège
195000,1470,HOUSE,HOUSE,TO_RENOVATE,2,142.0,0,1.0,1.0,282.0,3.0,0.0,0.0,Genappe,Walloon Brabant
260000,4400,HOUSE,HOUSE,AS_NEW,3,245.0,0,1.0,1.0,400.0,2.0,0.0,0.0,Flémalle,Liège
275000,1420,HOUSE,HOUSE,TO_RENOVATE,4,190.0,0,1.0,1.0,206.0,2.0,0.0,0.0,Braine-l'Alleud,Walloon Brabant
475000,1000,APARTMENT,GROUND_FLOOR,GOOD,2,134.0,0,1.0,1.0,0.0,2.0,0.0,0.0,Saint-Josse-ten-Noode,Brussels Capital
598000,1150,HOUSE,HOUSE,GOOD,3,135.0,0,1.0,1.0,114.0,2.0,0.0,0.0,Woluwe-Saint-Pierre,Brussels Capital
219000,4620,HOUSE,MIXED_USE_BUILDING,GOOD,2,168.0,0,1.0,1.0,155.0,2.0,0.0,0.0,Fléron,Liège
299000,9900,HOUSE,HOUSE,GOOD,4,174.0,0,1.0,1.0,240.0,3.0,0.0,0.0,Eeklo,East Flanders
285000,3890,HOUSE,HOUSE,GOOD,3,120.0,0,1.0,1.0,572.0,3.0,0.0,0.0,Gingelom,Limburg
239000,7860,APARTMENT,APARTMENT,JUST_RENOVATED,3,112.0,0,1.0,1.0,0.0,2.0,0.0,0.0,Lessines,Hainaut
199000,4040,HOUSE,HOUSE,GOOD,3,145.0,0,1.0,1.0,205.0,4.0,0.0,0.0,Herstal,Liège
175000,4480,HOUSE,HOUSE,GOOD,3,133.0,0,1.0,1.0,150.0,2.0,0.0,0.0,Engis,Liège
146000,5580,HOUSE,HOUSE,TO_BE_DONE_UP,2,109.0,0,1.0,1.0,136.0,3.0,0.0,0.0,Rochefort,Namur
589000,1410,HOUSE,HOUSE,AS_NEW,4,210.0,0,1.0,1.0,405.0,2.0,0.0,0.0,Waterloo,Walloon Brabant
95000,4684,HOUSE,BUNGALOW,GOOD,2,130.0,0,1.0,1.0,406.0,4.0,0.0,0.0,Oupeye,Liège
265000,4280,HOUSE,BUNGALOW,GOOD,2,175.0,0,1.0,1.0,798.0,4.0,0.0,0.0,Hannut,Other
325000,1190,APARTMENT,GROUND_FLOOR,GOOD,1,85.0,0,1.0,1.0,0.0,2.0,0.0,0.0,Forest,Brussels Capital
249000,4540,HOUSE,HOUSE,GOOD,3,150.0,0,1.0,1.0,1018.0,4.0,0.0,0.0,Amay,Liège
383000,9570,HOUSE,HOUSE,GOOD,3,165.0,0,1.0,1.0,360.0,3.0,0.0,0.0,Lierde,East Flanders
185000,4400,HOUSE,HOUSE,GOOD,2,125.0,0,1.0,1.0,200.0,2.0,0.0,0.0,Flémalle,Liège
299000,4051,HOUSE,HOUSE,GOOD,3,124.0,0,1.0,1.0,1286.0,4.0,0.0,0.0,Chaudfontaine,Liège
385000,4042,HOUSE,HOUSE,AS_NEW,4,152.0,0,1.0,1.0,248.0,2.0,0.0,0.0,Herstal,Liège
259000,4540,HOUSE,HOUSE,GOOD,4,294.0,0,1.0,1.0,667.0,3.0,0.0,0.0,Amay,Liège
195000,4032,HOUSE,HOUSE,GOOD,2,115.0,0,1.0,1.0,143.0,2.0,0.0,0.0,Liège,Liège
150000,4171,HOUSE,HOUSE,TO_BE_DONE_UP,3,104.0,0,1.0,1.0,193.0,4.0,0.0,0.0,Comblain-au-Pont,Liège
249000,4621,HOUSE,HOUSE,AS_NEW,3,210.0,0,1.0,1.0,130.0,3.0,0.0,0.0,Fléron,Liège
199900,4100,HOUSE,HOUSE,JUST_RENOVATED,3,220.0,0,1.0,1.0,286.0,2.0,0.0,0.0,Seraing,Liège
545000,1020,HOUSE,HOUSE,GOOD,3,190.0,0,1.0,1.0,230.0,2.0,0.0,0.0,Bruxelles,Brussels Capital
395000,4000,HOUSE,HOUSE,GOOD,4,211.0,0,1.0,1.0,210.0,2.0,0.0,0.0,Liège,Liège
285000,1840,HOUSE,HOUSE,TO_RENOVATE,3,142.0,0,1.0,1.0,384.0,3.0,0.0,0.0,Londerzeel,Flemish Brabant
165000,4030,HOUSE,HOUSE,TO_RENOVATE,4,252.0,0,1.0,1.0,380.0,2.0,0.0,0.0,Liège,Liège
299000,1083,HOUSE,HOUSE,TO_RENOVATE,3,121.0,0,1.0,1.0,130.0,4.0,0.0,0.0,Ganshoren,Brussels Capital
269000,4450,HOUSE,HOUSE,GOOD,4,120.0,0,1.0,1.0,376.0,2.0,0.0,0.0,Juprelle,Liège
260000,4420,HOUSE,HOUSE,GOOD,4,270.0,0,1.0,1.0,220.0,2.0,0.0,0.0,Saint-Nicolas,Liège
239000,5590,HOUSE,HOUSE,GOOD,3,214.0,0,1.0,1.0,618.0,3.0,0.0,0.0,Ciney,Namur
379000,1400,HOUSE,HOUSE,GOOD,3,160.0,0,1.0,1.0,810.0,2.0,0.0,0.0,Nivelles,Walloon Brabant
245000,4101,HOUSE,HOUSE,GOOD,2,100.0,0,1.0,1.0,224.0,3.0,0.0,0.0,Seraing,Liège
490000,6717,HOUSE,HOUSE,GOOD,3,171.0,0,1.0,1.0,1031.0,4.0,0.0,0.0,Attert,Luxembourg
695000,3080,HOUSE,HOUSE,AS_NEW,4,235.0,0,1.0,1.0,460.0,4.0,0.0,0.0,Tervuren,Flemish Brabant
329000,1030,APARTMENT,GROUND_FLOOR,TO_BE_DONE_UP,2,173.0,0,1.0,1.0,0.0,2.0,0.0,0.0,Schaerbeek,Brussels Capital
729000,9820,HOUSE,VILLA,AS_NEW,4,217.0,0,1.0,1.0,899.0,4.0,0.0,0.0,Merelbeke,East Flanders
295000,4600,HOUSE,HOUSE,GOOD,4,172.0,0,1.0,1.0,150.0,2.0,0.0,0.0,Visé,Liège
275000,4671,HOUSE,BUNGALOW,GOOD,3,162.0,0,1.0,1.0,1014.0,3.0,0.0,0.0,Blegny,Liège
230000,4430,HOUSE,HOUSE,GOOD,3,115.0,0,1.0,1.0,255.0,2.0,0.0,0.0,Ans,Liège
385000,1853,HOUSE,HOUSE,TO_BE_DONE_UP,3,165.0,0,1.0,1.0,295.0,3.0,0.0,0.0,Grimbergen,Flemish Brabant
745000,1860,HOUSE,VILLA,GOOD,4,200.0,0,1.0,1.0,1000.0,4.0,0.0,0.0,Meise,Flemish Brabant
399000,9041,HOUSE,HOUSE,GOOD,3,136.0,0,1.0,1.0,180.0,3.0,0.0,0.0,Gent,East Flanders
269000,9820,HOUSE,HOUSE,TO_RENOVATE,3,186.0,0,1.0,1.0,462.0,3.0,0.0,0.0,Merelbeke,East Flanders
190000,5575,HOUSE,HOUSE,TO_BE_DONE_UP,3,133.0,0,1.0,1.0,878.0,3.0,0.0,0.0,Gedinne,Namur
430000,3090,HOUSE,HOUSE,TO_RENOVATE,3,180.0,0,1.0,1.0,511.0,4.0,0.0,0.0,Overijse,Flemish Brabant
745000,1390,HOUSE,VILLA,AS_NEW,3,220.0,0,1.0,1.0,1287.0,4.0,0.0,0.0,Grez-Doiceau,Walloon Brabant
129000,5540,HOUSE,BUNGALOW,JUST_RENOVATED,2,70.0,0,1.0,1.0,791.0,4.0,0.0,0.0,Hastière,Namur
295000,5020,HOUSE,HOUSE,GOOD,3,130.0,0,1.0,1.0,529.0,4.0,0.0,0.0,Namur,Namur
475000,1421,HOUSE,HOUSE,GOOD,4,156.0,0,1.0,1.0,512.0,3.0,0.0,0.0,Braine-l'Alleud,Walloon Brabant
399000,4000,HOUSE,HOUSE,AS_NEW,4,219.0,0,1.0,1.0,496.0,3.0,0.0,0.0,Liège,Liège
245000,4032,HOUSE,HOUSE,GOOD,3,100.0,0,1.0,1.0,421.0,2.0,0.0,0.0,Liège,Liège
199000,4020,HOUSE,HOUSE,GOOD,2,155.0,0,1.0,1.0,200.0,2.0,0.0,0.0,Liège,Liège
164500,4800,HOUSE,HOUSE,TO_BE_DONE_UP,3,100.0,0,1.0,1.0,134.0,3.0,0.0,0.0,Verviers,Liège
245000,5300,APARTMENT,APARTMENT,GOOD,2,99.0,0,1.0,1.0,0.0,2.0,0.0,0.0,Andenne,Namur
275000,4400,HOUSE,MIXED_USE_BUILDING,GOOD,3,252.0,0,1.0,1.0,420.0,2.0,0.0,0.0,Flémalle,Liège
249000,8610,HOUSE,HOUSE,GOOD,2,123.0,0,1.0,1.0,781.0,3.0,0.0,0.0,Kortemark,Other
325000,5170,HOUSE,HOUSE,GOOD,3,114.0,0,1.0,1.0,824.0,4.0,0.0,0.0,Profondeville,Namur
279000,6760,HOUSE,HOUSE,JUST_RENOVATED,2,148.0,0,1.0,1.0,696.0,2.0,0.0,0.0,Virton,Luxembourg
238000,8434,APARTMENT,APARTMENT,GOOD,1,63.0,0,1.0,1.0,0.0,2.0,0.0,0.0,Middelkerke,Other
549000,1410,HOUSE,HOUSE,GOOD,4,187.0,0,1.0,1.0,276.0,3.0,0.0,0.0,Waterloo,Walloon Brabant
269000,5590,HOUSE,HOUSE,GOOD,4,179.0,0,1.0,1.0,791.0,3.0,0.0,0.0,Ciney,Namur
495000,7061,HOUSE,VILLA,GOOD,4,192.0,0,1.0,1.0,1000.0,4.0,0.0,0.0,Soignies,Hainaut
109000,8930,HOUSE,HOUSE,GOOD,3,113.0,0,1.0,1.0,108.0,2.0,0.0,0.0,Menen,Other
175000,6010,HOUSE,HOUSE,TO_BE_DONE_UP,2,123.0,0,1.0,1.0,0.0,3.0,0.0,0.0,Charleroi,Hainaut
379000,1640,HOUSE,HOUSE,GOOD,3,150.0,0,1.0,1.0,372.0,3.0,0.0,0.0,Rhode-Saint-Genèse,Flemish Brabant
335000,6030,HOUSE,VILLA,TO_BE_DONE_UP,4,230.0,0,1.0,1.0,500.0,4.0,0.0,0.0,Charleroi,Hainaut
450000,1410,HOUSE,VILLA,TO_BE_DONE_UP,4,231.0,0,1.0,1.0,730.0,4.0,0.0,0.0,Waterloo,Walloon Brabant
185000,4032,HOUSE,HOUSE,TO_BE_DONE_UP,4,150.0,0,1.0,1.0,160.0,2.0,0.0,0.0,Liège,Liège
219000,9320,HOUSE,HOUSE,TO_RENOVATE,2,121.0,0,1.0,1.0,761.0,3.0,0.0,0.0,Aalst,East Flanders
399000,1350,HOUSE,HOUSE,AS_NEW,4,205.0,0,1.0,1.0,1486.0,4.0,0.0,0.0,Orp-Jauche,Walloon Brabant
299000,4683,HOUSE,BUNGALOW,GOOD,3,104.0,0,1.0,1.0,1.0,4.0,0.0,0.0,Oupeye,Liège
165000,5020,HOUSE,HOUSE,TO_BE_DONE_UP,2,72.0,0,1.0,1.0,129.0,2.0,0.0,0.0,Namur,Namur
185000,6040,HOUSE,HOUSE,GOOD,3,111.0,0,1.0,1.0,878.0,3.0,0.0,0.0,Charleroi,Hainaut
239000,4610,HOUSE,HOUSE,TO_BE_DONE_UP,3,247.0,0,1.0,1.0,398.0,3.0,0.0,0.0,Beyne-Heusay,Liège
330000,4040,HOUSE,HOUSE,GOOD,3,166.0,0,1.0,1.0,154.0,3.0,0.0,0.0,Herstal,Liège
249000,6230,HOUSE,HOUSE,GOOD,3,189.0,0,1.0,1.0,203.0,3.0,0.0,0.0,Pont-à-Celles,Hainaut
495000,1410,HOUSE,HOUSE,TO_RENOVATE,2,140.0,0,1.0,1.0,452.0,4.0,0.0,0.0,Waterloo,Walloon Brabant
425000,3040,HOUSE,HOUSE,TO_BE_DONE_UP,3,135.0,0,1.0,1.0,945.0,4.0,0.0,0.0,Huldenberg,Flemish Brabant
275000,4870,HOUSE,MIXED_USE_BUILDING,GOOD,3,240.0,0,1.0,1.0,320.0,2.0,0.0,0.0,Olne,Liège
269900,4400,HOUSE,HOUSE,GOOD,4,150.0,0,1.0,1.0,1120.0,3.0,0.0,0.0,Flémalle,Liège
269000,9940,HOUSE,HOUSE,GOOD,4,132.0,0,1.0,1.0,445.0,3.0,0.0,0.0,Evergem,East Flanders
219000,9600,HOUSE,HOUSE,GOOD,4,146.0,0,1.0,1.0,250.0,2.0,0.0,0.0,Renaix,East Flanders
175000,4100,HOUSE,HOUSE,JUST_RENOVATED,3,117.0,0,1.0,1.0,165.0,2.0,0.0,0.0,Seraing,Liège
275000,9060,HOUSE,HOUSE,TO_RENOVATE,2,210.0,0,1.0,1.0,274.0,3.0,0.0,0.0,Zelzate,East Flanders
399000,2610,HOUSE,HOUSE,AS_NEW,3,121.0,0,1.0,1.0,116.0,2.0,0.0,0.0,Antwerpen,Antwerp
329000,9185,HOUSE,HOUSE,GOOD,3,174.0,0,1.0,1.0,319.0,2.0,0.0,0.0,Wachtebeke,East Flanders
550000,1180,HOUSE,HOUSE,TO_RENOVATE,4,211.0,0,1.0,1.0,136.0,2.0,0.0,0.0,Uccle,Brussels Capital
330000,1360,APARTMENT,DUPLEX,AS_NEW,3,125.0,0,1.0,1.0,0.0,2.0,0.0,0.0,Perwez,Walloon Brabant
550000,1150,HOUSE,HOUSE,GOOD,3,144.0,0,1.0,1.0,322.0,3.0,0.0,0.0,Woluwe-Saint-Pierre,Brussels Capital
289000,6140,HOUSE,VILLA,AS_NEW,2,95.0,0,1.0,1.0,539.0,4.0,0.0,0.0,Fontaine-l'Évêque,Hainaut
149900,4100,HOUSE,HOUSE,GOOD,3,92.0,0,1.0,1.0,250.0,3.0,0.0,0.0,Seraing,Liège
235000,4420,HOUSE,HOUSE,TO_RENOVATE,4,170.0,0,1.0,1.0,620.0,2.0,0.0,0.0,Saint-Nicolas,Liège
350000,1410,HOUSE,HOUSE,TO_BE_DONE_UP,2,120.0,0,1.0,1.0,575.0,4.0,0.0,0.0,Waterloo,Walloon Brabant
595000,1180,HOUSE,HOUSE,GOOD,4,171.0,0,1.0,1.0,110.0,2.0,0.0,0.0,Uccle,Brussels Capital
299900,6840,HOUSE,HOUSE,GOOD,3,129.0,0,1.0,1.0,853.0,2.0,0.0,0.0,Neufchâteau,Luxembourg
295000,4140,HOUSE,HOUSE,GOOD,3,105.0,0,1.0,1.0,236.0,3.0,0.0,0.0,Sprimont,Liège
325000,1350,HOUSE,HOUSE,AS_NEW,3,140.0,0,1.0,1.0,682.0,3.0,0.0,0.0,Orp-Jauche,Walloon Brabant
175000,4032,HOUSE,HOUSE,TO_RENOVATE,2,85.0,0,1.0,1.0,300.0,4.0,0.0,0.0,Liège,Liège
219000,9300,HOUSE,HOUSE,TO_RENOVATE,3,120.0,0,1.0,1.0,786.0,3.0,0.0,0.0,Aalst,East Flanders
159000,6180,HOUSE,HOUSE,TO_BE_DONE_UP,3,162.0,0,1.0,1.0,570.0,3.0,0.0,0.0,Courcelles,Hainaut
425000,1020,HOUSE,HOUSE,GOOD,3,205.0,0,1.0,1.0,75.0,2.0,0.0,0.0,Bruxelles,Brussels Capital
620000,1560,HOUSE,HOUSE,TO_BE_DONE_UP,3,196.0,0,1.0,1.0,863.0,4.0,0.0,0.0,Hoeilaart,Flemish Brabant
239000,5537,HOUSE,HOUSE,GOOD,2,100.0,0,1.0,1.0,360.0,4.0,0.0,0.0,Anhée,Namur
549000,2110,HOUSE,HOUSE,GOOD,3,240.0,0,1.0,1.0,370.0,3.0,0.0,0.0,Wijnegem,Antwerp
450000,1150,HOUSE,HOUSE,GOOD,2,105.0,0,1.0,1.0,130.0,2.0,0.0,0.0,Woluwe-Saint-Pierre,Brussels Capital
845000,1310,HOUSE,VILLA,GOOD,4,235.0,0,1.0,1.0,760.0,4.0,0.0,0.0,La Hulpe,Walloon Brabant
309000,9600,HOUSE,MANSION,JUST_RENOVATED,4,232.0,0,1.0,1.0,310.0,2.0,0.0,0.0,Renaix,East Flanders
159000,4140,HOUSE,HOUSE,GOOD,3,96.0,0,1.0,1.0,179.0,3.0,0.0,0.0,Sprimont,Liège
575000,6230,HOUSE,VILLA,AS_NEW,4,290.0,0,1.0,1.0,1150.0,4.0,0.0,0.0,Pont-à-Celles,Hainaut
115000,4031,HOUSE,HOUSE,TO_RENOVATE,2,105.0,0,1.0,1.0,110.0,2.0,0.0,0.0,Liège,Liège
189000,7700,HOUSE,HOUSE,GOOD,4,148.0,0,1.0,1.0,299.0,2.0,0.0,0.0,Mouscron,Hainaut
249000,1370,HOUSE,HOUSE,TO_RENOVATE,2,104.0,0,1.0,1.0,955.0,4.0,0.0,0.0,Jodoigne,Walloon Brabant
129000,4101,HOUSE,HOUSE,GOOD,4,123.0,0,1.0,1.0,135.0,2.0,0.0,0.0,Seraing,Liège
345000,4530,HOUSE,HOUSE,GOOD,4,140.0,0,1.0,1.0,974.0,4.0,0.0,0.0,Villers-le-Bouillet,Liège
165000,4000,HOUSE,HOUSE,TO_BE_DONE_UP,4,150.0,0,1.0,1.0,0.0,2.0,0.0,0.0,Liège,Liège
280000,3300,HOUSE,HOUSE,TO_RENOVATE,2,260.0,0,1.0,1.0,590.0,4.0,0.0,0.0,Tienen,Other
265000,4820,HOUSE,APARTMENT_BLOCK,GOOD,4,146.0,0,1.0,1.0,280.0,2.0,0.0,0.0,Dison,Liège
175000,4101,HOUSE,HOUSE,GOOD,4,135.0,0,1.0,1.0,330.0,2.0,0.0,0.0,Seraing,Liège
280000,4520,HOUSE,HOUSE,TO_BE_DONE_UP,3,155.0,0,1.0,1.0,595.0,3.0,0.0,0.0,Wanze,Liège
368000,1760,HOUSE,HOUSE,GOOD,3,154.0,0,1.0,1.0,715.0,3.0,0.0,0.0,Roosdaal,Flemish Brabant
445000,9980,HOUSE,HOUSE,GOOD,3,173.0,0,1.0,1.0,584.0,4.0,0.0,0.0,Sint-Laureins,East Flanders
249000,1350,HOUSE,HOUSE,GOOD,4,144.0,0,1.0,1.0,584.0,2.0,0.0,0.0,Orp-Jauche,Walloon Brabant
375000,1370,HOUSE,HOUSE,GOOD,4,219.0,0,1.0,1.0,1460.0,4.0,0.0,0.0,Jodoigne,Walloon Brabant
595000,1410,HOUSE,HOUSE,GOOD,3,200.0,0,1.0,1.0,838.0,4.0,0.0,0.0,Waterloo,Walloon Brabant
349000,4600,HOUSE,HOUSE,GOOD,3,150.0,0,1.0,1.0,490.0,2.0,0.0,0.0,Visé,Liège
415000,1932,HOUSE,HOUSE,TO_RENOVATE,3,138.0,0,1.0,1.0,530.0,3.0,0.0,0.0,Zaventem,Flemish Brabant
169000,6830,HOUSE,HOUSE,JUST_RENOVATED,4,120.0,0,1.0,1.0,180.0,2.0,0.0,0.0,Bouillon,Luxembourg
229000,9600,HOUSE,HOUSE,TO_RENOVATE,3,167.0,0,1.0,1.0,653.0,3.0,0.0,0.0,Renaix,East Flanders
375000,3090,HOUSE,HOUSE,TO_BE_DONE_UP,3,135.0,0,1.0,1.0,385.0,3.0,0.0,0.0,Overijse,Flemish Brabant
89000,4000,HOUSE,HOUSE,TO_RENOVATE,1,100.0,0,1.0,1.0,74.0,2.0,0.0,0.0,Liège,Liège
309000,4000,HOUSE,HOUSE,GOOD,3,140.0,0,1.0,1.0,170.0,3.0,0.0,0.0,Liège,Liège
360000,4570,HOUSE,HOUSE,GOOD,3,161.0,0,1.0,1.0,1100.0,4.0,0.0,0.0,Marchin,Liège
199000,4800,HOUSE,HOUSE,GOOD,3,135.0,0,1.0,1.0,111.0,2.0,0.0,0.0,Verviers,Liège
199000,4032,HOUSE,HOUSE,GOOD,3,100.0,0,1.0,1.0,205.0,2.0,0.0,0.0,Liège,Liège
249900,4000,HOUSE,APARTMENT_BLOCK,TO_RENOVATE,3,200.0,0,1.0,1.0,230.0,2.0,0.0,0.0,Liège,Liège
199000,4560,HOUSE,HOUSE,AS_NEW,2,160.0,0,1.0,1.0,102.0,3.0,0.0,0.0,Clavier,Liège
429000,1700,HOUSE,BUNGALOW,GOOD,3,160.0,0,1.0,1.0,770.0,4.0,0.0,0.0,Dilbeek,Flemish Brabant
489000,1310,HOUSE,HOUSE,GOOD,3,192.0,0,1.0,1.0,496.0,4.0,0.0,0.0,La Hulpe,Walloon Brabant
289000,3980,APARTMENT,APARTMENT,AS_NEW,2,115.0,0,1.0,1.0,0.0,2.0,0.0,0.0,Tessenderlo,Limburg
539000,9473,HOUSE,HOUSE,AS_NEW,3,234.0,0,1.0,1.0,375.0,3.0,0.0,0.0,Denderleeuw,East Flanders
449000,9050,HOUSE,HOUSE,GOOD,2,120.0,0,1.0,1.0,68.0,2.0,0.0,0.0,Gent,East Flanders
185000,6747,HOUSE,HOUSE,TO_BE_DONE_UP,2,283.0,0,1.0,1.0,450.0,2.0,0.0,0.0,Saint-Léger,Luxembourg
315000,4651,HOUSE,HOUSE,GOOD,3,180.0,0,1.0,1.0,180.0,3.0,0.0,0.0,Herve,Liège
229000,7700,HOUSE,HOUSE,GOOD,2,128.0,0,1.0,1.0,275.0,2.0,0.0,0.0,Mouscron,Hainaut
435000,1030,HOUSE,HOUSE,TO_RENOVATE,4,145.0,0,1.0,1.0,95.0,2.0,0.0,0.0,Schaerbeek,Brussels Capital
550000,1342,HOUSE,HOUSE,GOOD,3,180.0,0,1.0,1.0,530.0,3.0,0.0,0.0,Ottignies-Louvain-la-Neuve,Walloon Brabant
240000,4540,HOUSE,HOUSE,GOOD,2,123.0,0,1.0,1.0,1105.0,2.0,0.0,0.0,Amay,Liège
165000,4100,HOUSE,HOUSE,GOOD,2,100.0,0,1.0,1.0,85.0,3.0,0.0,0.0,Seraing,Liège
209000,7712,HOUSE,HOUSE,GOOD,3,100.0,0,1.0,1.0,301.0,3.0,0.0,0.0,Mouscron,Hainaut
209900,4020,HOUSE,TOWN_HOUSE,TO_RENOVATE,3,120.0,0,1.0,1.0,179.0,2.0,0.0,0.0,Liège,Liège
299000,8870,HOUSE,HOUSE,AS_NEW,3,163.0,0,1.0,1.0,182.0,3.0,0.0,0.0,Izegem,Other
249900,6210,HOUSE,VILLA,TO_BE_DONE_UP,3,101.0,0,1.0,1.0,1157.0,4.0,0.0,0.0,Les Bons Villers,Hainaut
210000,1790,HOUSE,HOUSE,TO_BE_DONE_UP,3,119.0,0,1.0,1.0,320.0,3.0,0.0,0.0,Affligem,Flemish Brabant
270000,4650,HOUSE,HOUSE,GOOD,3,149.0,0,1.0,1.0,975.0,4.0,0.0,0.0,Herve,Liège
290000,6700,HOUSE,HOUSE,GOOD,4,253.0,0,1.0,1.0,632.0,3.0,0.0,0.0,Arlon,Luxembourg
329000,4860,HOUSE,TOWN_HOUSE,AS_NEW,3,130.0,0,1.0,1.0,821.0,4.0,0.0,0.0,Pepinster,Liège
229000,4460,HOUSE,MIXED_USE_BUILDING,AS_NEW,3,149.0,0,1.0,1.0,221.0,2.0,0.0,0.0,Grâce-Hollogne,Liège
515000,9040,HOUSE,HOUSE,AS_NEW,4,180.0,0,1.0,1.0,175.0,2.0,0.0,0.0,Gent,East Flanders
335000,2500,HOUSE,HOUSE,JUST_RENOVATED,3,129.0,0,1.0,1.0,106.0,2.0,0.0,0.0,Lier,Antwerp
379000,4000,HOUSE,HOUSE,AS_NEW,3,145.0,0,1.0,1.0,270.0,2.0,0.0,0.0,Liège,Liège
535000,2950,HOUSE,HOUSE,AS_NEW,3,162.0,0,1.0,1.0,618.0,3.0,0.0,0.0,Kapellen,Antwerp
299000,9620,HOUSE,HOUSE,GOOD,3,175.0,0,1.0,1.0,499.0,3.0,0.0,0.0,Zottegem,East Flanders
469000,4000,HOUSE,HOUSE,TO_BE_DONE_UP,4,200.0,0,1.0,1.0,200.0,2.0,0.0,0.0,Liège,Liège
549000,8400,HOUSE,VILLA,AS_NEW,2,260.0,0,1.0,1.0,582.0,4.0,0.0,0.0,Oostende,Other
179000,8930,HOUSE,HOUSE,GOOD,3,135.0,0,1.0,1.0,156.0,2.0,0.0,0.0,Menen,Other
295000,4342,HOUSE,VILLA,TO_RENOVATE,3,140.0,0,1.0,1.0,518.0,4.0,0.0,0.0,Awans,Liège
229000,7711,HOUSE,HOUSE,JUST_RENOVATED,3,113.0,0,1.0,1.0,113.0,2.0,0.0,0.0,Mouscron,Hainaut
435000,8421,HOUSE,HOUSE,AS_NEW,3,150.0,0,1.0,1.0,295.0,4.0,0.0,0.0,De Haan,Other
450000,4041,HOUSE,HOUSE,GOOD,4,248.0,0,1.0,1.0,779.0,3.0,0.0,0.0,Herstal,Liège
849000,1050,HOUSE,HOUSE,AS_NEW,4,250.0,0,1.0,1.0,150.0,2.0,0.0,0.0,Ixelles,Brussels Capital
199000,4500,HOUSE,MIXED_USE_BUILDING,TO_RENOVATE,4,209.0,0,1.0,1.0,233.0,2.0,0.0,0.0,Huy,Liège
460500,8200,HOUSE,HOUSE,AS_NEW,3,294.0,0,1.0,1.0,294.0,3.0,0.0,0.0,Brugge,Other
369750,5020,HOUSE,HOUSE,AS_NEW,3,140.0,0,1.0,1.0,1092.0,4.0,0.0,0.0,Namur,Namur
419000,6800,HOUSE,HOUSE,GOOD,3,190.0,0,1.0,1.0,1050.0,3.0,0.0,0.0,Libramont-Chevigny,Luxembourg
252500,9270,HOUSE,HOUSE,TO_RENOVATE,2,115.0,0,1.0,1.0,570.0,3.0,0.0,0.0,Laarne,East Flanders
325000,8930,HOUSE,TOWN_HOUSE,TO_RENOVATE,3,217.0,0,1.0,1.0,445.0,4.0,0.0,0.0,Menen,Other
389000,5001,HOUSE,HOUSE,GOOD,4,287.0,0,1.0,1.0,578.0,4.0,0.0,0.0,Namur,Namur
595000,8200,HOUSE,HOUSE,AS_NEW,3,170.0,0,1.0,1.0,426.0,3.0,0.0,0.0,Brugge,Other
248500,8670,HOUSE,HOUSE,AS_NEW,2,85.0,0,1.0,1.0,106.0,3.0,0.0,0.0,Koksijde,Other
399000,4122,HOUSE,HOUSE,JUST_RENOVATED,4,220.0,0,1.0,1.0,770.0,4.0,0.0,0.0,Neupré,Liège
385000,9600,HOUSE,HOUSE,AS_NEW,3,160.0,0,1.0,1.0,175.0,2.0,0.0,0.0,Renaix,East Flanders
200000,6700,APARTMENT,APARTMENT,GOOD,2,127.0,0,1.0,1.0,0.0,4.0,0.0,0.0,Arlon,Luxembourg
535000,1120,HOUSE,APARTMENT_BLOCK,AS_NEW,1,283.0,0,1.0,1.0,230.0,2.0,0.0,0.0,Bruxelles,Brussels Capital
374000,8310,HOUSE,HOUSE,TO_RENOVATE,4,201.0,0,1.0,1.0,410.0,2.0,0.0,0.0,Brugge,Other
569000,1730,HOUSE,HOUSE,GOOD,3,235.0,0,1.0,1.0,1020.0,4.0,0.0,0.0,Asse,Flemish Brabant
199000,6950,HOUSE,HOUSE,GOOD,3,100.0,0,1.0,1.0,612.0,4.0,0.0,0.0,Nassogne,Luxembourg
385000,5170,HOUSE,HOUSE,TO_RENOVATE,4,150.0,0,1.0,1.0,959.0,4.0,0.0,0.0,Profondeville,Namur
299000,1190,HOUSE,MIXED_USE_BUILDING,TO_RENOVATE,4,197.0,0,1.0,1.0,170.0,2.0,0.0,0.0,Forest,Brussels Capital
249000,5580,HOUSE,HOUSE,JUST_RENOVATED,3,146.0,0,1.0,1.0,362.0,2.0,0.0,0.0,Rochefort,Namur
695000,8301,HOUSE,VILLA,GOOD,4,163.0,0,1.0,1.0,688.0,4.0,0.0,0.0,Knokke-Heist,Other
319000,4800,HOUSE,HOUSE,GOOD,4,221.0,0,1.0,1.0,759.0,3.0,0.0,0.0,Verviers,Liège
350000,6700,HOUSE,HOUSE,GOOD,3,184.0,0,1.0,1.0,880.0,4.0,0.0,0.0,Arlon,Luxembourg
450000,1070,HOUSE,HOUSE,AS_NEW,4,168.0,0,1.0,1.0,0.0,2.0,0.0,0.0,Anderlecht,Brussels Capital
336000,9520,HOUSE,HOUSE,AS_NEW,2,105.0,0,1.0,1.0,170.0,4.0,0.0,0.0,Sint-Lievens-Houtem,East Flanders
473000,1880,HOUSE,HOUSE,GOOD,3,185.0,0,1.0,1.0,245.0,2.0,0.0,0.0,Kapelle-op-den-Bos,Flemish Brabant
145000,6800,HOUSE,HOUSE,TO_RENOVATE,2,100.0,0,1.0,1.0,308.0,3.0,0.0,0.0,Libramont-Chevigny,Luxembourg
344000,8200,HOUSE,HOUSE,TO_RENOVATE,3,142.0,0,1.0,1.0,533.0,3.0,0.0,0.0,Brugge,Other
169000,4020,HOUSE,HOUSE,GOOD,2,98.0,0,1.0,1.0,172.0,2.0,0.0,0.0,Liège,Liège
329000,6032,HOUSE,VILLA,AS_NEW,3,145.0,0,1.0,1.0,450.0,4.0,0.0,0.0,Charleroi,Hainaut
299500,2235,APARTMENT,GROUND_FLOOR,AS_NEW,2,90.0,0,1.0,1.0,0.0,1.0,0.0,0.0,Hulshout,Antwerp
299000,6240,HOUSE,APARTMENT_BLOCK,AS_NEW,3,214.0,0,1.0,1.0,590.0,2.0,0.0,0.0,Farciennes,Hainaut
319000,1440,HOUSE,HOUSE,GOOD,4,150.0,0,1.0,1.0,445.0,3.0,0.0,0.0,Braine-le-Château,Walloon Brabant
179000,5580,HOUSE,HOUSE,GOOD,4,146.0,0,1.0,1.0,161.0,2.0,0.0,0.0,Rochefort,Namur
219000,9600,HOUSE,HOUSE,JUST_RENOVATED,3,149.0,0,1.0,1.0,325.0,2.0,0.0,0.0,Renaix,East Flanders
279000,4680,HOUSE,HOUSE,GOOD,3,149.0,0,1.0,1.0,845.0,3.0,0.0,0.0,Oupeye,Liège
269000,9500,HOUSE,HOUSE,GOOD,3,173.0,0,1.0,1.0,260.0,2.0,0.0,0.0,Geraardsbergen,East Flanders
480000,9040,HOUSE,HOUSE,GOOD,3,135.0,0,1.0,1.0,263.0,3.0,0.0,0.0,Gent,East Flanders
289000,9310,HOUSE,HOUSE,TO_RENOVATE,3,217.0,0,1.0,1.0,392.0,3.0,0.0,0.0,Aalst,East Flanders
699000,1180,HOUSE,TOWN_HOUSE,TO_RENOVATE,4,190.0,0,1.0,1.0,150.0,2.0,0.0,0.0,Uccle,Brussels Capital
165000,4000,HOUSE,HOUSE,TO_BE_DONE_UP,2,73.0,0,1.0,1.0,138.0,2.0,0.0,0.0,Liège,Liège
79000,7041,HOUSE,HOUSE,TO_RENOVATE,3,119.0,0,1.0,1.0,340.0,2.0,0.0,0.0,Quévy,Hainaut
309000,4130,HOUSE,HOUSE,GOOD,4,120.0,0,1.0,1.0,601.0,3.0,0.0,0.0,Esneux,Liège
280000,4020,HOUSE,HOUSE,AS_NEW,3,130.0,0,1.0,1.0,200.0,2.0,0.0,0.0,Liège,Liège
219900,6180,HOUSE,HOUSE,GOOD,3,198.0,0,1.0,1.0,1008.0,4.0,0.0,0.0,Courcelles,Hainaut
224000,4540,HOUSE,BUNGALOW,GOOD,2,104.0,0,1.0,1.0,1346.0,4.0,0.0,0.0,Amay,Liège
399000,1080,HOUSE,TOWN_HOUSE,GOOD,3,163.0,0,1.0,1.0,165.0,2.0,0.0,0.0,Molenbeek-Saint-Jean,Brussels Capital
430000,3582,HOUSE,HOUSE,AS_NEW,3,168.0,0,1.0,1.0,331.0,3.0,0.0,0.0,Beringen,Limburg
369000,2060,APARTMENT,DUPLEX,JUST_RENOVATED,2,106.0,0,1.0,1.0,0.0,3.0,0.0,0.0,Antwerpen,Antwerp
399000,2170,HOUSE,MANSION,AS_NEW,4,172.0,0,1.0,1.0,166.0,2.0,0.0,0.0,Antwerpen,Antwerp
50000,1380,HOUSE,HOUSE,TO_BE_DONE_UP,4,130.0,0,1.0,1.0,1210.0,4.0,0.0,0.0,Lasne,Walloon Brabant
289000,4030,HOUSE,HOUSE,TO_BE_DONE_UP,4,158.0,0,1.0,1.0,341.0,3.0,0.0,0.0,Liège,Liège
319000,8793,HOUSE,HOUSE,AS_NEW,4,167.0,0,1.0,1.0,180.0,2.0,0.0,0.0,Waregem,Other
280000,5300,APARTMENT,DUPLEX,GOOD,3,111.0,0,1.0,1.0,0.0,3.0,0.0,0.0,Andenne,Namur
289000,4100,HOUSE,HOUSE,AS_NEW,3,164.0,0,1.0,1.0,332.0,3.0,0.0,0.0,Seraing,Liège
592796,3000,HOUSE,HOUSE,AS_NEW,4,231.0,0,1.0,1.0,136.0,3.0,0.0,0.0,Leuven,Flemish Brabant
214000,4682,HOUSE,HOUSE,GOOD,2,124.0,0,1.0,1.0,330.0,2.0,0.0,0.0,Oupeye,Liège
450000,9750,HOUSE,HOUSE,GOOD,3,209.0,0,1.0,1.0,524.0,4.0,0.0,0.0,Kruisem,East Flanders
450000,1652,HOUSE,HOUSE,GOOD,3,130.0,0,1.0,1.0,679.0,4.0,0.0,0.0,Beersel,Flemish Brabant
359000,9500,HOUSE,HOUSE,AS_NEW,3,150.0,0,1.0,1.0,0.0,2.0,0.0,0.0,Geraardsbergen,East Flanders
570000,1160,APARTMENT,GROUND_FLOOR,TO_BE_DONE_UP,3,120.0,0,1.0,1.0,0.0,2.0,0.0,0.0,Auderghem,Brussels Capital
349000,4630,HOUSE,BUNGALOW,AS_NEW,3,155.0,0,1.0,1.0,659.0,4.0,0.0,0.0,Soumagne,Liège
269000,4680,HOUSE,HOUSE,JUST_RENOVATED,2,80.0,0,1.0,1.0,144.0,3.0,0.0,0.0,Oupeye,Liège
650000,8670,HOUSE,HOUSE,GOOD,4,180.0,0,1.0,1.0,550.0,3.0,0.0,0.0,Koksijde,Other
285000,4450,HOUSE,HOUSE,AS_NEW,3,144.0,0,1.0,1.0,226.0,2.0,0.0,0.0,Juprelle,Liège
325000,1370,HOUSE,HOUSE,GOOD,3,244.0,0,1.0,1.0,435.0,3.0,0.0,0.0,Jodoigne,Walloon Brabant
289900,6230,HOUSE,HOUSE,JUST_RENOVATED,4,155.0,0,1.0,1.0,300.0,2.0,0.0,0.0,Pont-à-Celles,Hainaut
299000,4101,HOUSE,HOUSE,AS_NEW,4,140.0,0,1.0,1.0,288.0,3.0,0.0,0.0,Seraing,Liège
259000,5590,HOUSE,HOUSE,GOOD,3,152.0,0,1.0,1.0,492.0,4.0,0.0,0.0,Ciney,Namur
99000,4020,HOUSE,APARTMENT_BLOCK,TO_RENOVATE,3,109.0,0,1.0,1.0,198.0,2.0,0.0,0.0,Liège,Liège
210000,4000,HOUSE,HOUSE,GOOD,3,114.0,0,1.0,1.0,0.0,2.0,0.0,0.0,Liège,Liège
650000,1200,HOUSE,HOUSE,GOOD,3,225.0,0,1.0,1.0,300.0,3.0,0.0,0.0,Woluwe-Saint-Lambert,Brussels Capital
229000,5377,HOUSE,HOUSE,TO_BE_DONE_UP,4,247.0,0,1.0,1.0,740.0,4.0,0.0,0.0,Somme-Leuze,Namur
175000,4030,HOUSE,HOUSE,GOOD,2,85.0,0,1.0,1.0,110.0,2.0,0.0,0.0,Liège,Liège
379500,9550,HOUSE,HOUSE,GOOD,3,178.0,0,1.0,1.0,178.0,2.0,0.0,0.0,Herzele,East Flanders
379000,1652,HOUSE,HOUSE,GOOD,3,150.0,0,1.0,1.0,372.0,3.0,0.0,0.0,Beersel,Flemish Brabant
359000,1932,HOUSE,HOUSE,TO_BE_DONE_UP,3,155.0,0,1.0,1.0,268.0,2.0,0.0,0.0,Zaventem,Flemish Brabant
229000,9600,HOUSE,HOUSE,GOOD,4,175.0,0,1.0,1.0,766.0,3.0,0.0,0.0,Renaix,East Flanders
815000,9830,HOUSE,HOUSE,TO_BE_DONE_UP,3,171.0,0,1.0,1.0,1163.0,4.0,0.0,0.0,Sint-Martens-Latem,East Flanders
185000,4032,HOUSE,HOUSE,TO_BE_DONE_UP,4,150.0,0,1.0,1.0,160.0,2.0,0.0,0.0,Liège,Liège
335000,4140,HOUSE,HOUSE,TO_BE_DONE_UP,3,147.0,0,1.0,1.0,885.0,4.0,0.0,0.0,Sprimont,Liège
379000,1652,HOUSE,HOUSE,GOOD,3,150.0,0,1.0,1.0,372.0,3.0,0.0,0.0,Beersel,Flemish Brabant
745000,1150,HOUSE,HOUSE,GOOD,3,130.0,0,1.0,1.0,300.0,3.0,0.0,0.0,Woluwe-Saint-Pierre,Brussels Capital
215000,4041,APARTMENT,APARTMENT,AS_NEW,1,60.0,0,1.0,1.0,0.0,2.0,0.0,0.0,Herstal,Liège
49000,6880,HOUSE,HOUSE,GOOD,4,145.0,0,1.0,1.0,167.0,3.0,0.0,0.0,Bertrix,Luxembourg
215000,6840,HOUSE,HOUSE,GOOD,3,107.0,0,1.0,1.0,155.0,3.0,0.0,0.0,Neufchâteau,Luxembourg
281500,6940,HOUSE,HOUSE,AS_NEW,3,135.0,0,1.0,1.0,1084.0,4.0,0.0,0.0,Durbuy,Luxembourg
314900,6840,HOUSE,HOUSE,GOOD,3,133.0,0,1.0,1.0,816.0,3.0,0.0,0.0,Neufchâteau,Luxembourg
449000,1420,HOUSE,VILLA,GOOD,3,145.0,0,1.0,1.0,867.0,4.0,0.0,0.0,Braine-l'Alleud,Walloon Brabant
295000,4340,HOUSE,HOUSE,GOOD,3,162.0,0,1.0,1.0,1321.0,3.0,0.0,0.0,Awans,Liège
495000,6280,HOUSE,HOUSE,GOOD,3,170.0,0,1.0,1.0,741.0,4.0,0.0,0.0,Gerpinnes,Hainaut
199000,4100,HOUSE,HOUSE,GOOD,4,46.0,0,1.0,1.0,146.0,2.0,0.0,0.0,Seraing,Liège
279000,7700,HOUSE,VILLA,GOOD,3,108.0,0,1.0,1.0,744.0,4.0,0.0,0.0,Mouscron,Hainaut
199000,4870,HOUSE,HOUSE,GOOD,2,78.0,0,1.0,1.0,240.0,3.0,0.0,0.0,Olne,Liège
249000,4051,HOUSE,HOUSE,AS_NEW,3,223.0,0,1.0,1.0,151.0,2.0,0.0,0.0,Chaudfontaine,Liège
249000,4680,HOUSE,HOUSE,GOOD,3,100.0,0,1.0,1.0,212.0,3.0,0.0,0.0,Oupeye,Liège
409000,9050,HOUSE,HOUSE,AS_NEW,3,118.0,0,1.0,1.0,100.0,2.0,0.0,0.0,Gent,East Flanders
55000,6838,HOUSE,HOUSE,TO_RESTORE,3,100.0,0,1.0,1.0,276.0,3.0,0.0,0.0,Bouillon,Luxembourg
550000,1652,HOUSE,HOUSE,AS_NEW,3,210.0,0,1.0,1.0,634.0,4.0,0.0,0.0,Beersel,Flemish Brabant
320000,4100,HOUSE,HOUSE,TO_BE_DONE_UP,4,147.0,0,1.0,1.0,650.0,4.0,0.0,0.0,Seraing,Liège
215000,4100,HOUSE,HOUSE,JUST_RENOVATED,4,200.0,0,1.0,1.0,520.0,2.0,0.0,0.0,Seraing,Liège
329000,5651,HOUSE,HOUSE,AS_NEW,3,145.0,0,1.0,1.0,993.0,3.0,0.0,0.0,Walcourt,Namur
165000,4030,HOUSE,HOUSE,TO_RENOVATE,4,252.0,0,1.0,1.0,380.0,2.0,0.0,0.0,Liège,Liège
119000,4671,APARTMENT,TRIPLEX,GOOD,2,123.0,0,1.0,1.0,0.0,2.0,0.0,0.0,Blegny,Liège
120000,6230,HOUSE,BUNGALOW,TO_BE_DONE_UP,2,50.0,0,1.0,1.0,364.0,4.0,0.0,0.0,Pont-à-Celles,Hainaut
225000,5540,APARTMENT,APARTMENT,GOOD,1,84.0,0,1.0,1.0,0.0,2.0,0.0,0.0,Hastière,Namur
199000,5575,HOUSE,HOUSE,GOOD,3,107.0,0,1.0,1.0,1260.0,3.0,0.0,0.0,Gedinne,Namur
249000,4032,HOUSE,HOUSE,AS_NEW,3,120.0,0,1.0,1.0,145.0,2.0,0.0,0.0,Liège,Liège
229000,4460,HOUSE,MIXED_USE_BUILDING,AS_NEW,3,149.0,0,1.0,1.0,221.0,2.0,0.0,0.0,Grâce-Hollogne,Liège
109000,7700,HOUSE,HOUSE,TO_BE_DONE_UP,2,154.0,0,1.0,1.0,190.0,2.0,0.0,0.0,Mouscron,Hainaut
250000,1400,HOUSE,BUNGALOW,GOOD,2,80.0,0,1.0,1.0,768.0,4.0,0.0,0.0,Nivelles,Walloon Brabant
555000,1410,HOUSE,VILLA,GOOD,3,155.0,0,1.0,1.0,454.0,4.0,0.0,0.0,Waterloo,Walloon Brabant
284000,4100,HOUSE,HOUSE,GOOD,4,130.0,0,1.0,1.0,775.0,3.0,0.0,0.0,Seraing,Liège
199000,4032,HOUSE,HOUSE,GOOD,3,110.0,0,1.0,1.0,95.0,2.0,0.0,0.0,Liège,Liège
239000,4557,HOUSE,HOUSE,GOOD,3,190.0,0,1.0,1.0,600.0,2.0,0.0,0.0,Tinlot,Liège
280000,4960,APARTMENT,GROUND_FLOOR,AS_NEW,3,129.0,0,1.0,1.0,0.0,3.0,0.0,0.0,Malmedy,Liège
135000,7700,HOUSE,HOUSE,GOOD,2,95.0,0,1.0,1.0,119.0,3.0,0.0,0.0,Mouscron,Hainaut
330000,4450,HOUSE,HOUSE,GOOD,3,125.0,0,1.0,1.0,670.0,3.0,0.0,0.0,Juprelle,Liège
325000,4102,APARTMENT,APARTMENT,AS_NEW,2,89.0,0,1.0,1.0,0.0,2.0,0.0,0.0,Seraing,Liège
495000,1020,APARTMENT,GROUND_FLOOR,AS_NEW,2,103.0,0,1.0,1.0,0.0,2.0,0.0,0.0,Bruxelles,Brussels Capital
249000,4000,HOUSE,HOUSE,GOOD,3,125.0,0,1.0,1.0,330.0,2.0,0.0,0.0,Liège,Liège
159000,4102,HOUSE,HOUSE,GOOD,3,137.0,0,1.0,1.0,340.0,3.0,0.0,0.0,Seraing,Liège
249000,4540,HOUSE,HOUSE,GOOD,3,155.0,0,1.0,1.0,944.0,3.0,0.0,0.0,Amay,Liège
199000,4000,HOUSE,HOUSE,TO_RENOVATE,4,140.0,0,1.0,1.0,114.0,2.0,0.0,0.0,Liège,Liège
275000,4000,HOUSE,HOUSE,TO_RENOVATE,4,207.0,0,1.0,1.0,192.0,2.0,0.0,0.0,Liège,Liège
380000,4500,HOUSE,HOUSE,AS_NEW,3,196.0,0,1.0,1.0,496.0,4.0,0.0,0.0,Huy,Liège
165000,5000,APARTMENT,APARTMENT,GOOD,2,80.0,0,1.0,1.0,0.0,2.0,0.0,0.0,Namur,Namur
645000,1060,APARTMENT,DUPLEX,AS_NEW,1,204.0,0,1.0,1.0,0.0,2.0,0.0,0.0,Saint-Gilles,Brussels Capital
295000,9550,HOUSE,HOUSE,GOOD,3,167.0,0,1.0,1.0,232.0,2.0,0.0,0.0,Herzele,East Flanders
489000,9050,HOUSE,HOUSE,AS_NEW,3,143.0,0,1.0,1.0,140.0,2.0,0.0,0.0,Gent,East Flanders
295000,7090,HOUSE,HOUSE,TO_RENOVATE,3,177.0,0,1.0,1.0,1400.0,4.0,0.0,0.0,Braine-le-Comte,Hainaut
799000,1050,APARTMENT,DUPLEX,AS_NEW,3,168.0,0,1.0,1.0,0.0,2.0,0.0,0.0,Ixelles,Brussels Capital
495000,1440,HOUSE,HOUSE,TO_BE_DONE_UP,3,194.0,0,1.0,1.0,903.0,4.0,0.0,0.0,Braine-le-Château,Walloon Brabant
239000,4420,APARTMENT,APARTMENT,AS_NEW,4,100.0,0,1.0,1.0,0.0,2.0,0.0,0.0,Saint-Nicolas,Liège
449000,9820,HOUSE,VILLA,GOOD,3,140.0,0,1.0,1.0,934.0,4.0,0.0,0.0,Merelbeke,East Flanders
175000,9600,HOUSE,HOUSE,TO_BE_DONE_UP,4,194.0,0,1.0,1.0,200.0,2.0,0.0,0.0,Renaix,East Flanders
785000,9000,HOUSE,HOUSE,GOOD,4,190.0,0,1.0,1.0,103.0,2.0,0.0,0.0,Gent,East Flanders
209000,4420,APARTMENT,APARTMENT,AS_NEW,2,90.0,0,1.0,1.0,0.0,2.0,0.0,0.0,Saint-Nicolas,Liège
159000,4100,HOUSE,HOUSE,JUST_RENOVATED,1,85.0,0,1.0,1.0,220.0,2.0,0.0,0.0,Seraing,Liège
180000,6951,HOUSE,HOUSE,GOOD,3,110.0,0,1.0,1.0,325.0,3.0,0.0,0.0,Nassogne,Luxembourg
180000,7301,HOUSE,HOUSE,AS_NEW,3,138.0,0,1.0,1.0,110.0,2.0,0.0,0.0,Boussu,Hainaut
275000,7190,HOUSE,HOUSE,GOOD,3,160.0,0,1.0,1.0,275.0,3.0,0.0,0.0,Écaussinnes,Hainaut
399000,1070,HOUSE,HOUSE,TO_RENOVATE,3,185.0,0,1.0,1.0,180.0,2.0,0.0,0.0,Anderlecht,Brussels Capital
399000,2610,HOUSE,HOUSE,AS_NEW,3,121.0,0,1.0,1.0,116.0,2.0,0.0,0.0,Antwerpen,Antwerp
549000,9185,HOUSE,HOUSE,AS_NEW,4,178.0,0,1.0,1.0,465.0,4.0,0.0,0.0,Wachtebeke,East Flanders
149000,8930,HOUSE,HOUSE,TO_RESTORE,2,167.0,0,1.0,1.0,0.0,3.0,0.0,0.0,Menen,Other
210000,6240,APARTMENT,GROUND_FLOOR,JUST_RENOVATED,2,120.0,0,1.0,1.0,0.0,3.0,0.0,0.0,Farciennes,Hainaut
249000,4051,HOUSE,HOUSE,AS_NEW,3,223.0,0,1.0,1.0,151.0,2.0,0.0,0.0,Chaudfontaine,Liège
340000,2500,HOUSE,HOUSE,TO_RENOVATE,3,233.0,0,1.0,1.0,410.0,3.0,0.0,0.0,Lier,Antwerp
119000,9300,HOUSE,HOUSE,TO_RENOVATE,3,130.0,0,1.0,1.0,80.0,2.0,0.0,0.0,Aalst,East Flanders
319900,6840,HOUSE,HOUSE,GOOD,3,133.0,0,1.0,1.0,850.0,3.0,0.0,0.0,Neufchâteau,Luxembourg
319000,1410,HOUSE,HOUSE,TO_RENOVATE,2,120.0,0,1.0,1.0,229.0,3.0,0.0,0.0,Waterloo,Walloon Brabant
195000,6660,HOUSE,HOUSE,GOOD,4,163.0,0,1.0,1.0,251.0,2.0,0.0,0.0,Houffalize,Luxembourg
199000,4820,HOUSE,HOUSE,GOOD,3,109.0,0,1.0,1.0,414.0,2.0,0.0,0.0,Dison,Liège
289000,4040,HOUSE,MANSION,JUST_RENOVATED,3,190.0,0,1.0,1.0,300.0,2.0,0.0,0.0,Herstal,Liège
390000,1420,HOUSE,APARTMENT_BLOCK,GOOD,3,195.0,0,1.0,1.0,290.0,2.0,0.0,0.0,Braine-l'Alleud,Walloon Brabant
199000,4860,HOUSE,HOUSE,TO_RENOVATE,4,162.0,0,1.0,1.0,176.0,3.0,0.0,0.0,Pepinster,Liège
475000,5330,HOUSE,HOUSE,AS_NEW,3,195.0,0,1.0,1.0,1052.0,4.0,0.0,0.0,Assesse,Namur
99000,6010,HOUSE,HOUSE,TO_RENOVATE,2,88.0,0,1.0,1.0,350.0,2.0,0.0,0.0,Charleroi,Hainaut
120000,4420,HOUSE,HOUSE,GOOD,2,107.0,0,1.0,1.0,310.0,2.0,0.0,0.0,Saint-Nicolas,Liège
450000,5575,HOUSE,EXCEPTIONAL_PROPERTY,TO_BE_DONE_UP,4,160.0,0,1.0,1.0,1292.0,4.0,0.0,0.0,Gedinne,Namur
505000,9290,HOUSE,HOUSE,AS_NEW,3,200.0,0,1.0,1.0,416.0,3.0,0.0,0.0,Berlare,East Flanders
389900,6800,HOUSE,HOUSE,AS_NEW,3,250.0,0,1.0,1.0,347.0,3.0,0.0,0.0,Libramont-Chevigny,Luxembourg
249000,4040,HOUSE,HOUSE,GOOD,3,127.0,0,1.0,1.0,207.0,2.0,0.0,0.0,Herstal,Liège
349000,1030,HOUSE,HOUSE,TO_RENOVATE,2,116.0,0,1.0,1.0,155.0,2.0,0.0,0.0,Schaerbeek,Brussels Capital
850000,8310,HOUSE,HOUSE,AS_NEW,4,279.0,0,1.0,1.0,490.0,3.0,0.0,0.0,Brugge,Other
345000,1410,HOUSE,HOUSE,TO_RENOVATE,3,137.0,0,1.0,1.0,488.0,3.0,0.0,0.0,Waterloo,Walloon Brabant
365000,1300,APARTMENT,GROUND_FLOOR,JUST_RENOVATED,2,140.0,0,1.0,1.0,0.0,2.0,0.0,0.0,Wavre,Walloon Brabant
220000,4400,HOUSE,HOUSE,GOOD,3,220.0,0,1.0,1.0,0.0,3.0,0.0,0.0,Flémalle,Liège
169000,4000,HOUSE,HOUSE,TO_RENOVATE,4,123.0,0,1.0,1.0,202.0,2.0,0.0,0.0,Liège,Liège
365000,1480,HOUSE,VILLA,AS_NEW,4,183.0,0,1.0,1.0,450.0,4.0,0.0,0.0,Tubize,Walloon Brabant
377500,9000,APARTMENT,GROUND_FLOOR,AS_NEW,3,131.0,0,1.0,1.0,0.0,3.0,0.0,0.0,Gent,East Flanders
109000,8501,HOUSE,HOUSE,TO_RENOVATE,3,92.0,0,1.0,1.0,222.0,2.0,0.0,0.0,Kortrijk,Other
425000,1930,HOUSE,MANSION,TO_BE_DONE_UP,3,171.0,0,1.0,1.0,360.0,3.0,0.0,0.0,Zaventem,Flemish Brabant
389000,1780,HOUSE,HOUSE,GOOD,3,145.0,0,1.0,1.0,130.0,2.0,0.0,0.0,Wemmel,Flemish Brabant
350000,6680,HOUSE,HOUSE,GOOD,3,215.0,0,1.0,1.0,863.0,3.0,0.0,0.0,Sainte-Ode,Luxembourg
175000,8400,APARTMENT,GROUND_FLOOR,GOOD,2,69.0,0,1.0,1.0,0.0,2.0,0.0,0.0,Oostende,Other
74000,4020,HOUSE,HOUSE,TO_RENOVATE,2,73.0,0,1.0,1.0,82.0,3.0,0.0,0.0,Liège,Liège
249000,4000,HOUSE,HOUSE,TO_BE_DONE_UP,3,137.0,0,1.0,1.0,220.0,2.0,0.0,0.0,Liège,Liège
350000,1342,HOUSE,HOUSE,TO_BE_DONE_UP,4,160.0,0,1.0,1.0,525.0,3.0,0.0,0.0,Ottignies-Louvain-la-Neuve,Walloon Brabant
480000,9040,HOUSE,HOUSE,GOOD,3,136.0,0,1.0,1.0,264.0,3.0,0.0,0.0,Gent,East Flanders
335000,1082,HOUSE,HOUSE,GOOD,3,115.0,0,1.0,1.0,120.0,2.0,0.0,0.0,Berchem-Sainte-Agathe,Brussels Capital
295000,4600,HOUSE,VILLA,TO_BE_DONE_UP,4,147.0,0,1.0,1.0,545.0,4.0,0.0,0.0,Visé,Liège
350000,6800,HOUSE,HOUSE,TO_RENOVATE,4,165.0,0,1.0,1.0,972.0,4.0,0.0,0.0,Libramont-Chevigny,Luxembourg
220000,4624,HOUSE,HOUSE,TO_BE_DONE_UP,3,138.0,0,1.0,1.0,137.0,2.0,0.0,0.0,Fléron,Liège
374000,3020,HOUSE,HOUSE,TO_BE_DONE_UP,3,145.0,0,1.0,1.0,326.0,2.0,0.0,0.0,Herent,Flemish Brabant
275000,4671,HOUSE,HOUSE,AS_NEW,3,163.0,0,1.0,1.0,500.0,2.0,0.0,0.0,Blegny,Liège
369000,2930,HOUSE,HOUSE,JUST_RENOVATED,3,193.0,0,1.0,1.0,250.0,3.0,0.0,0.0,Brasschaat,Antwerp
229000,6220,HOUSE,HOUSE,GOOD,2,98.0,0,1.0,1.0,270.0,3.0,0.0,0.0,Fleurus,Hainaut
249000,7160,HOUSE,HOUSE,JUST_RENOVATED,3,136.0,0,1.0,1.0,522.0,2.0,0.0,0.0,Chapelle-lez-Herlaimont,Hainaut
199000,7912,HOUSE,HOUSE,GOOD,3,160.0,0,1.0,1.0,700.0,3.0,0.0,0.0,Frasnes-lez-Anvaing,Hainaut
275000,2830,HOUSE,HOUSE,TO_RENOVATE,3,117.0,0,1.0,1.0,207.0,2.0,0.0,0.0,Willebroek,Antwerp
140000,4821,HOUSE,HOUSE,TO_RENOVATE,4,155.0,0,1.0,1.0,100.0,2.0,0.0,0.0,Dison,Liège
375000,9290,APARTMENT,APARTMENT,AS_NEW,3,101.0,0,1.0,1.0,0.0,3.0,0.0,0.0,Berlare,East Flanders
149000,9660,HOUSE,HOUSE,TO_RENOVATE,3,184.0,0,1.0,1.0,397.0,2.0,0.0,0.0,Brakel,East Flanders
299000,1370,HOUSE,HOUSE,TO_BE_DONE_UP,3,119.0,0,1.0,1.0,1230.0,4.0,0.0,0.0,Jodoigne,Walloon Brabant
449000,4052,HOUSE,VILLA,TO_BE_DONE_UP,3,145.0,0,1.0,1.0,1081.0,4.0,0.0,0.0,Chaudfontaine,Liège
310000,1853,HOUSE,HOUSE,GOOD,2,105.0,0,1.0,1.0,196.0,2.0,0.0,0.0,Grimbergen,Flemish Brabant
150000,4000,HOUSE,HOUSE,TO_BE_DONE_UP,2,77.0,0,1.0,1.0,185.0,3.0,0.0,0.0,Liège,Liège
240000,4400,HOUSE,HOUSE,AS_NEW,3,156.0,0,1.0,1.0,530.0,3.0,0.0,0.0,Flémalle,Liège
239000,4100,HOUSE,HOUSE,GOOD,3,116.0,0,1.0,1.0,188.0,2.0,0.0,0.0,Seraing,Liège
199000,4020,HOUSE,HOUSE,GOOD,2,155.0,0,1.0,1.0,200.0,2.0,0.0,0.0,Liège,Liège
159999,7390,HOUSE,HOUSE,GOOD,2,117.0,0,1.0,1.0,315.0,2.0,0.0,0.0,Quaregnon,Hainaut
269000,9140,HOUSE,HOUSE,TO_BE_DONE_UP,3,198.0,0,1.0,1.0,250.0,2.0,0.0,0.0,Temse,East Flanders
229000,4460,HOUSE,HOUSE,GOOD,2,101.0,0,1.0,1.0,320.0,2.0,0.0,0.0,Grâce-Hollogne,Liège
525000,1332,HOUSE,HOUSE,GOOD,3,188.0,0,1.0,1.0,554.0,3.0,0.0,0.0,Rixensart,Walloon Brabant
349000,4342,HOUSE,HOUSE,GOOD,4,235.0,0,1.0,1.0,824.0,2.0,0.0,0.0,Awans,Liège
498000,8501,HOUSE,HOUSE,GOOD,3,185.0,0,1.0,1.0,872.0,4.0,0.0,0.0,Kortrijk,Other
419000,1083,HOUSE,TOWN_HOUSE,GOOD,3,145.0,0,1.0,1.0,272.0,3.0,0.0,0.0,Ganshoren,Brussels Capital
295000,1160,APARTMENT,APARTMENT,TO_BE_DONE_UP,1,60.0,0,1.0,1.0,0.0,2.0,0.0,0.0,Auderghem,Brussels Capital
119000,4920,HOUSE,HOUSE,GOOD,4,103.0,0,1.0,1.0,345.0,4.0,0.0,0.0,Aywaille,Liège
299000,5621,HOUSE,HOUSE,AS_NEW,4,177.0,0,1.0,1.0,545.0,4.0,0.0,0.0,Florennes,Namur
215000,7301,HOUSE,HOUSE,JUST_RENOVATED,4,140.0,0,1.0,1.0,420.0,2.0,0.0,0.0,Boussu,Hainaut
415000,9051,HOUSE,HOUSE,GOOD,2,147.0,0,1.0,1.0,159.0,3.0,0.0,0.0,Gent,East Flanders
595000,1850,HOUSE,VILLA,AS_NEW,4,200.0,0,1.0,1.0,720.0,4.0,0.0,0.0,Grimbergen,Flemish Brabant
574000,2550,HOUSE,HOUSE,AS_NEW,4,205.0,0,1.0,1.0,484.0,3.0,0.0,0.0,Kontich,Antwerp
230000,9406,HOUSE,HOUSE,TO_RENOVATE,3,184.0,0,1.0,1.0,320.0,2.0,0.0,0.0,Ninove,East Flanders
199000,4480,HOUSE,HOUSE,GOOD,4,127.0,0,1.0,1.0,468.0,3.0,0.0,0.0,Engis,Liège
165000,4020,HOUSE,HOUSE,GOOD,3,126.0,0,1.0,1.0,165.0,2.0,0.0,0.0,Liège,Liège
345000,4877,HOUSE,TOWN_HOUSE,GOOD,3,122.0,0,1.0,1.0,557.0,3.0,0.0,0.0,Olne,Liège
190000,6230,HOUSE,HOUSE,GOOD,3,110.0,0,1.0,1.0,127.0,2.0,0.0,0.0,Pont-à-Celles,Hainaut
495000,2100,HOUSE,OTHER_PROPERTY,GOOD,4,210.0,0,1.0,1.0,167.0,4.0,0.0,0.0,Antwerpen,Antwerp
220000,4000,HOUSE,HOUSE,GOOD,3,100.0,0,1.0,1.0,160.0,2.0,0.0,0.0,Liège,Liège
210000,3700,HOUSE,HOUSE,GOOD,3,145.0,0,1.0,1.0,345.0,4.0,0.0,0.0,Tongeren,Limburg
209000,2100,APARTMENT,APARTMENT,AS_NEW,1,62.0,0,1.0,1.0,0.0,2.0,0.0,0.0,Antwerpen,Antwerp
270000,9450,HOUSE,HOUSE,TO_BE_DONE_UP,4,208.0,0,1.0,1.0,1233.0,2.0,0.0,0.0,Haaltert,East Flanders
375000,1370,HOUSE,HOUSE,GOOD,4,219.0,0,1.0,1.0,1460.0,4.0,0.0,0.0,Jodoigne,Walloon Brabant
255000,8700,HOUSE,HOUSE,GOOD,3,140.0,0,1.0,1.0,210.0,3.0,0.0,0.0,Tielt,Other
289000,7141,HOUSE,HOUSE,GOOD,3,235.0,0,1.0,1.0,315.0,3.0,0.0,0.0,Morlanwelz,Hainaut
385000,9300,HOUSE,HOUSE,GOOD,3,240.0,0,1.0,1.0,445.0,3.0,0.0,0.0,Aalst,East Flanders
349000,4041,HOUSE,HOUSE,GOOD,4,182.0,0,1.0,1.0,784.0,4.0,0.0,0.0,Herstal,Liège
157500,7080,HOUSE,HOUSE,GOOD,4,115.0,0,1.0,1.0,111.0,2.0,0.0,0.0,Frameries,Hainaut
289000,4432,HOUSE,HOUSE,TO_BE_DONE_UP,3,165.0,0,1.0,1.0,311.0,3.0,0.0,0.0,Ans,Liège
649000,1310,HOUSE,HOUSE,GOOD,4,172.0,0,1.0,1.0,1276.0,4.0,0.0,0.0,La Hulpe,Walloon Brabant
470000,3080,HOUSE,HOUSE,AS_NEW,4,156.0,0,1.0,1.0,191.0,2.0,0.0,0.0,Tervuren,Flemish Brabant
299000,1180,HOUSE,HOUSE,TO_RENOVATE,4,124.0,0,1.0,1.0,218.0,3.0,0.0,0.0,Uccle,Brussels Capital
239000,4420,HOUSE,HOUSE,GOOD,2,111.0,0,1.0,1.0,437.0,3.0,0.0,0.0,Saint-Nicolas,Liège
249000,4000,HOUSE,HOUSE,GOOD,4,160.0,0,1.0,1.0,250.0,2.0,0.0,0.0,Liège,Liège
466000,3130,HOUSE,HOUSE,GOOD,4,205.0,0,1.0,1.0,510.0,3.0,0.0,0.0,Begijnendijk,Flemish Brabant
387000,9280,HOUSE,HOUSE,AS_NEW,3,211.0,0,1.0,1.0,248.0,3.0,0.0,0.0,Lebbeke,East Flanders
199000,1070,APARTMENT,APARTMENT,JUST_RENOVATED,1,55.0,0,1.0,1.0,0.0,2.0,0.0,0.0,Anderlecht,Brussels Capital
352000,4300,HOUSE,VILLA,GOOD,4,150.0,0,1.0,1.0,576.0,4.0,0.0,0.0,Waremme,Liège
369000,6997,HOUSE,HOUSE,GOOD,4,231.0,0,1.0,1.0,855.0,4.0,0.0,0.0,Érezée,Luxembourg
219000,4040,HOUSE,HOUSE,TO_RENOVATE,3,165.0,0,1.0,1.0,787.0,4.0,0.0,0.0,Herstal,Liège
379000,1640,HOUSE,HOUSE,GOOD,3,150.0,0,1.0,1.0,372.0,3.0,0.0,0.0,Rhode-Saint-Genèse,Flemish Brabant
379000,4000,HOUSE,HOUSE,GOOD,2,186.0,0,1.0,1.0,433.0,3.0,0.0,0.0,Liège,Liège
339000,9880,APARTMENT,GROUND_FLOOR,JUST_RENOVATED,2,95.0,0,1.0,1.0,0.0,2.0,0.0,0.0,Aalter,East Flanders
225000,1770,HOUSE,HOUSE,TO_BE_DONE_UP,3,90.0,0,1.0,1.0,167.0,2.0,0.0,0.0,Liedekerke,Flemish Brabant
589000,1702,HOUSE,HOUSE,AS_NEW,3,190.0,0,1.0,1.0,609.0,3.0,0.0,0.0,Dilbeek,Flemish Brabant
249000,4020,APARTMENT,APARTMENT,AS_NEW,3,105.0,0,1.0,1.0,0.0,2.0,0.0,0.0,Liège,Liège
279000,5640,HOUSE,HOUSE,JUST_RENOVATED,2,110.0,0,1.0,1.0,247.0,3.0,0.0,0.0,Mettet,Namur
349000,4101,HOUSE,HOUSE,GOOD,3,208.0,0,1.0,1.0,450.0,3.0,0.0,0.0,Seraing,Liège
379000,9880,HOUSE,HOUSE,GOOD,3,182.0,0,1.0,1.0,724.0,4.0,0.0,0.0,Aalter,East Flanders
259000,1440,HOUSE,HOUSE,TO_RENOVATE,3,120.0,0,1.0,1.0,674.0,3.0,0.0,0.0,Braine-le-Château,Walloon Brabant
230000,1040,APARTMENT,APARTMENT,TO_RENOVATE,1,80.0,0,1.0,1.0,0.0,2.0,0.0,0.0,Bruxelles,Brussels Capital
220000,4300,HOUSE,HOUSE,TO_RENOVATE,3,120.0,0,1.0,1.0,601.0,3.0,0.0,0.0,Waremme,Liège
295000,4030,HOUSE,HOUSE,AS_NEW,3,100.0,0,1.0,1.0,96.0,2.0,0.0,0.0,Liège,Liège
399000,1480,HOUSE,VILLA,GOOD,3,120.0,0,1.0,1.0,642.0,4.0,0.0,0.0,Tubize,Walloon Brabant
499500,9600,HOUSE,VILLA,GOOD,4,272.0,0,1.0,1.0,1240.0,4.0,0.0,0.0,Renaix,East Flanders
399500,9910,HOUSE,HOUSE,GOOD,4,256.0,0,1.0,1.0,837.0,4.0,0.0,0.0,Aalter,East Flanders
249000,4000,HOUSE,HOUSE,TO_BE_DONE_UP,3,137.0,0,1.0,1.0,220.0,2.0,0.0,0.0,Liège,Liège
389000,9770,HOUSE,HOUSE,TO_RENOVATE,4,236.0,0,1.0,1.0,1015.0,3.0,0.0,0.0,Kruisem,East Flanders
280000,4540,HOUSE,HOUSE,GOOD,3,160.0,0,1.0,1.0,1323.0,4.0,0.0,0.0,Amay,Liège
445000,3360,APARTMENT,GROUND_FLOOR,GOOD,2,165.0,0,1.0,1.0,0.0,4.0,0.0,0.0,Bierbeek,Other
330000,4530,HOUSE,HOUSE,AS_NEW,4,135.0,0,1.0,1.0,325.0,3.0,0.0,0.0,Villers-le-Bouillet,Liège
215000,4101,HOUSE,HOUSE,GOOD,4,117.0,0,1.0,1.0,104.0,2.0,0.0,0.0,Seraing,Liège
139000,8510,HOUSE,HOUSE,TO_BE_DONE_UP,3,113.0,0,1.0,1.0,171.0,3.0,0.0,0.0,Kortrijk,Other
375000,4250,HOUSE,HOUSE,GOOD,3,170.0,0,1.0,1.0,950.0,4.0,0.0,0.0,Geer,Other
219000,4000,HOUSE,HOUSE,TO_BE_DONE_UP,4,165.0,0,1.0,1.0,213.0,2.0,0.0,0.0,Liège,Liège
295000,3950,HOUSE,HOUSE,GOOD,3,157.0,0,1.0,1.0,917.0,4.0,0.0,0.0,Bocholt,Limburg
319000,4020,HOUSE,HOUSE,GOOD,3,187.0,0,1.0,1.0,993.0,4.0,0.0,0.0,Liège,Liège
319000,7060,HOUSE,HOUSE,AS_NEW,3,135.0,0,1.0,1.0,283.0,2.0,0.0,0.0,Soignies,Hainaut
195000,4570,HOUSE,HOUSE,TO_RENOVATE,3,100.0,0,1.0,1.0,320.0,4.0,0.0,0.0,Marchin,Liège
419000,2547,HOUSE,HOUSE,TO_BE_DONE_UP,2,113.0,0,1.0,1.0,763.0,4.0,0.0,0.0,Lint,Antwerp
399000,4680,HOUSE,HOUSE,GOOD,4,172.0,0,1.0,1.0,880.0,4.0,0.0,0.0,Oupeye,Liège
319000,4400,HOUSE,HOUSE,GOOD,3,145.0,0,1.0,1.0,1040.0,4.0,0.0,0.0,Flémalle,Liège
799000,1050,HOUSE,HOUSE,AS_NEW,3,168.0,0,1.0,1.0,0.0,2.0,0.0,0.0,Ixelles,Brussels Capital
295000,6720,HOUSE,HOUSE,TO_BE_DONE_UP,3,172.0,0,1.0,1.0,426.0,4.0,0.0,0.0,Habay,Luxembourg
135000,4681,HOUSE,HOUSE,TO_BE_DONE_UP,2,60.0,0,1.0,1.0,77.0,2.0,0.0,0.0,Oupeye,Liège
385000,4500,HOUSE,HOUSE,GOOD,4,155.0,0,1.0,1.0,649.0,3.0,0.0,0.0,Huy,Liège
296000,4960,HOUSE,HOUSE,AS_NEW,3,192.0,0,1.0,1.0,807.0,3.0,0.0,0.0,Malmedy,Liège
265000,4400,HOUSE,HOUSE,GOOD,3,133.0,0,1.0,1.0,390.0,3.0,0.0,0.0,Flémalle,Liège
399000,1653,HOUSE,HOUSE,GOOD,3,128.0,0,1.0,1.0,254.0,4.0,0.0,0.0,Beersel,Flemish Brabant
329000,4680,HOUSE,BUNGALOW,GOOD,4,174.0,0,1.0,1.0,854.0,4.0,0.0,0.0,Oupeye,Liège
279000,4101,HOUSE,HOUSE,AS_NEW,4,143.0,0,1.0,1.0,211.0,3.0,0.0,0.0,Seraing,Liège
294000,6990,HOUSE,HOUSE,AS_NEW,4,156.0,0,1.0,1.0,330.0,3.0,0.0,0.0,Hotton,Luxembourg
218000,4100,HOUSE,HOUSE,AS_NEW,3,118.0,0,1.0,1.0,140.0,2.0,0.0,0.0,Seraing,Liège
595000,9000,HOUSE,HOUSE,GOOD,3,231.0,0,1.0,1.0,116.0,2.0,0.0,0.0,Gent,East Flanders
745000,1950,HOUSE,HOUSE,AS_NEW,4,195.0,0,1.0,1.0,314.0,2.0,0.0,0.0,Kraainem,Flemish Brabant
205000,4032,HOUSE,HOUSE,GOOD,3,106.0,0,1.0,1.0,212.0,3.0,0.0,0.0,Liège,Liège
220000,5575,HOUSE,HOUSE,AS_NEW,4,158.0,0,1.0,1.0,560.0,4.0,0.0,0.0,Gedinne,Namur
219000,3300,HOUSE,HOUSE,TO_RENOVATE,3,200.0,0,1.0,1.0,480.0,4.0,0.0,0.0,Tienen,Other
230000,4420,HOUSE,HOUSE,TO_BE_DONE_UP,3,115.0,0,1.0,1.0,418.0,3.0,0.0,0.0,Saint-Nicolas,Liège
315000,1030,APARTMENT,GROUND_FLOOR,GOOD,1,110.0,0,1.0,1.0,0.0,2.0,0.0,0.0,Schaerbeek,Brussels Capital
299000,4040,HOUSE,HOUSE,GOOD,4,168.0,0,1.0,1.0,699.0,4.0,0.0,0.0,Herstal,Liège
450000,4052,HOUSE,HOUSE,GOOD,4,207.0,0,1.0,1.0,913.0,4.0,0.0,0.0,Chaudfontaine,Liège
299000,1367,HOUSE,HOUSE,AS_NEW,3,155.0,0,1.0,1.0,439.0,2.0,0.0,0.0,Ramillies,Walloon Brabant
349000,2100,HOUSE,HOUSE,GOOD,2,135.0,0,1.0,1.0,181.0,2.0,0.0,0.0,Antwerpen,Antwerp
214000,9600,HOUSE,HOUSE,GOOD,4,162.0,0,1.0,1.0,200.0,2.0,0.0,0.0,Renaix,East Flanders
430000,1340,HOUSE,HOUSE,AS_NEW,3,182.0,0,1.0,1.0,660.0,3.0,0.0,0.0,Ottignies-Louvain-la-Neuve,Walloon Brabant
384000,8000,HOUSE,HOUSE,TO_BE_DONE_UP,3,174.0,0,1.0,1.0,145.0,3.0,0.0,0.0,Brugge,Other
440000,1070,HOUSE,TOWN_HOUSE,TO_BE_DONE_UP,3,140.0,0,1.0,1.0,245.0,2.0,0.0,0.0,Anderlecht,Brussels Capital
320000,4540,HOUSE,HOUSE,AS_NEW,3,150.0,0,1.0,1.0,352.0,3.0,0.0,0.0,Amay,Liège
329000,2160,HOUSE,HOUSE,TO_RENOVATE,3,234.0,0,1.0,1.0,567.0,2.0,0.0,0.0,Wommelgem,Antwerp
280000,4020,HOUSE,HOUSE,AS_NEW,3,130.0,0,1.0,1.0,200.0,2.0,0.0,0.0,Liège,Liège
249000,2900,HOUSE,HOUSE,TO_RENOVATE,4,168.0,0,1.0,1.0,182.0,2.0,0.0,0.0,Schoten,Antwerp
160000,5670,HOUSE,HOUSE,GOOD,2,145.0,0,1.0,1.0,295.0,3.0,0.0,0.0,Viroinval,Namur
375000,2850,HOUSE,HOUSE,TO_RENOVATE,2,193.0,0,1.0,1.0,193.0,1.0,0.0,0.0,Boom,Antwerp
249000,4420,HOUSE,HOUSE,GOOD,3,110.0,0,1.0,1.0,290.0,4.0,0.0,0.0,Saint-Nicolas,Liège
361900,2850,HOUSE,HOUSE,TO_BE_DONE_UP,4,223.0,0,1.0,1.0,340.0,2.0,0.0,0.0,Boom,Antwerp
585000,8670,HOUSE,EXCEPTIONAL_PROPERTY,GOOD,2,160.0,0,1.0,1.0,791.0,4.0,0.0,0.0,Koksijde,Other
598000,1970,HOUSE,HOUSE,TO_RENOVATE,3,155.0,0,1.0,1.0,571.0,4.0,0.0,0.0,Wezembeek-Oppem,Flemish Brabant
335000,8670,APARTMENT,APARTMENT,AS_NEW,3,125.0,0,1.0,1.0,0.0,2.0,0.0,0.0,Koksijde,Other
473214,4760,HOUSE,HOUSE,AS_NEW,4,227.0,0,1.0,1.0,1129.0,4.0,0.0,0.0,Bullange,Liège
249000,9700,HOUSE,HOUSE,GOOD,2,107.0,0,1.0,1.0,110.0,2.0,0.0,0.0,Oudenaarde,East Flanders
369000,6997,HOUSE,HOUSE,GOOD,4,231.0,0,1.0,1.0,855.0,4.0,0.0,0.0,Érezée,Luxembourg
379000,7912,HOUSE,VILLA,AS_NEW,4,183.0,0,1.0,1.0,817.0,3.0,0.0,0.0,Frasnes-lez-Anvaing,Hainaut
295000,1330,HOUSE,HOUSE,GOOD,3,143.0,0,1.0,1.0,324.0,3.0,0.0,0.0,Rixensart,Walloon Brabant
429000,6960,HOUSE,FARMHOUSE,JUST_RENOVATED,3,235.0,0,1.0,1.0,1500.0,4.0,0.0,0.0,Manhay,Luxembourg
469900,2140,HOUSE,HOUSE,GOOD,4,199.0,0,1.0,1.0,294.0,2.0,0.0,0.0,Antwerpen,Antwerp
449000,1620,HOUSE,APARTMENT_BLOCK,GOOD,3,159.0,0,1.0,1.0,202.0,3.0,0.0,0.0,Drogenbos,Flemish Brabant
189000,6890,HOUSE,HOUSE,GOOD,3,102.0,0,1.0,1.0,708.0,2.0,0.0,0.0,Libin,Luxembourg
325000,1350,HOUSE,HOUSE,GOOD,3,244.0,0,1.0,1.0,435.0,3.0,0.0,0.0,Orp-Jauche,Walloon Brabant
275000,4980,HOUSE,APARTMENT_BLOCK,TO_BE_DONE_UP,3,265.0,0,1.0,1.0,190.0,2.0,0.0,0.0,Trois-Ponts,Liège
139000,8510,HOUSE,HOUSE,TO_BE_DONE_UP,3,113.0,0,1.0,1.0,171.0,3.0,0.0,0.0,Kortrijk,Other
550000,1160,HOUSE,HOUSE,TO_RESTORE,4,182.0,0,1.0,1.0,145.0,2.0,0.0,0.0,Auderghem,Brussels Capital
30000,4800,HOUSE,HOUSE,TO_BE_DONE_UP,2,69.0,0,1.0,1.0,703.0,4.0,0.0,0.0,Verviers,Liège
319000,1790,HOUSE,HOUSE,GOOD,3,169.0,0,1.0,1.0,403.0,3.0,0.0,0.0,Affligem,Flemish Brabant
409000,7711,HOUSE,HOUSE,AS_NEW,4,161.0,0,1.0,1.0,698.0,4.0,0.0,0.0,Mouscron,Hainaut
219000,7712,HOUSE,HOUSE,GOOD,3,147.0,0,1.0,1.0,260.0,2.0,0.0,0.0,Mouscron,Hainaut
169000,7712,HOUSE,HOUSE,TO_RENOVATE,2,126.0,0,1.0,1.0,164.0,2.0,0.0,0.0,Mouscron,Hainaut
495000,9070,HOUSE,HOUSE,AS_NEW,3,170.0,0,1.0,1.0,578.0,3.0,0.0,0.0,Destelbergen,East Flanders
195000,4051,HOUSE,HOUSE,JUST_RENOVATED,4,134.0,0,1.0,1.0,147.0,2.0,0.0,0.0,Chaudfontaine,Liège
695000,8300,HOUSE,VILLA,GOOD,4,163.0,0,1.0,1.0,688.0,4.0,0.0,0.0,Knokke-Heist,Other
189000,4041,HOUSE,HOUSE,GOOD,4,128.0,0,1.0,1.0,187.0,3.0,0.0,0.0,Herstal,Liège
415000,9600,HOUSE,HOUSE,AS_NEW,3,145.0,0,1.0,1.0,206.0,3.0,0.0,0.0,Renaix,East Flanders
359000,4400,HOUSE,HOUSE,AS_NEW,3,175.0,0,1.0,1.0,394.0,2.0,0.0,0.0,Flémalle,Liège
209000,1470,HOUSE,HOUSE,GOOD,2,116.0,0,1.0,1.0,563.0,2.0,0.0,0.0,Genappe,Walloon Brabant
425000,4042,HOUSE,HOUSE,AS_NEW,4,160.0,0,1.0,1.0,301.0,2.0,0.0,0.0,Herstal,Liège
245000,9300,HOUSE,HOUSE,GOOD,3,169.0,0,1.0,1.0,274.0,2.0,0.0,0.0,Aalst,East Flanders
120000,4100,HOUSE,HOUSE,JUST_RENOVATED,2,57.0,0,1.0,1.0,260.0,3.0,0.0,0.0,Seraing,Liège
315000,1495,HOUSE,HOUSE,GOOD,3,145.0,0,1.0,1.0,453.0,3.0,0.0,0.0,Villers-la-Ville,Walloon Brabant
349000,4020,HOUSE,HOUSE,GOOD,4,199.0,0,1.0,1.0,275.0,2.0,0.0,0.0,Liège,Liège
580000,9240,HOUSE,HOUSE,GOOD,4,185.0,0,1.0,1.0,1142.0,4.0,0.0,0.0,Zele,East Flanders
480000,9870,HOUSE,HOUSE,JUST_RENOVATED,4,260.0,0,1.0,1.0,498.0,4.0,0.0,0.0,Zulte,East Flanders
225000,7340,HOUSE,FARMHOUSE,GOOD,3,211.0,0,1.0,1.0,800.0,3.0,0.0,0.0,Colfontaine,Hainaut
329000,6890,HOUSE,HOUSE,GOOD,3,213.0,0,1.0,1.0,643.0,3.0,0.0,0.0,Libin,Luxembourg
555000,1070,HOUSE,VILLA,TO_RENOVATE,3,200.0,0,1.0,1.0,600.0,4.0,0.0,0.0,Anderlecht,Brussels Capital
240000,9630,HOUSE,HOUSE,GOOD,4,129.0,0,1.0,1.0,227.0,2.0,0.0,0.0,Zwalm,Hainaut
249000,4550,HOUSE,HOUSE,TO_RENOVATE,4,174.0,0,1.0,1.0,1158.0,4.0,0.0,0.0,Nandrin,Liège
685000,1930,HOUSE,EXCEPTIONAL_PROPERTY,AS_NEW,4,272.0,0,1.0,1.0,551.0,3.0,0.0,0.0,Zaventem,Flemish Brabant
289000,4420,HOUSE,HOUSE,AS_NEW,3,141.0,0,1.0,1.0,600.0,4.0,0.0,0.0,Saint-Nicolas,Liège
275000,4670,HOUSE,BUNGALOW,GOOD,3,162.0,0,1.0,1.0,1014.0,3.0,0.0,0.0,Blegny,Liège
190000,4040,HOUSE,HOUSE,JUST_RENOVATED,3,117.0,0,1.0,1.0,331.0,3.0,0.0,0.0,Herstal,Liège
265000,4820,HOUSE,TOWN_HOUSE,AS_NEW,3,108.0,0,1.0,1.0,284.0,3.0,0.0,0.0,Dison,Liège
250000,4300,HOUSE,HOUSE,GOOD,3,110.0,0,1.0,1.0,805.0,3.0,0.0,0.0,Waremme,Liège
194000,5060,HOUSE,HOUSE,TO_BE_DONE_UP,3,161.0,0,1.0,1.0,400.0,3.0,0.0,0.0,Sambreville,Namur
139000,7712,HOUSE,HOUSE,TO_RENOVATE,2,115.0,0,1.0,1.0,158.0,2.0,0.0,0.0,Mouscron,Hainaut
796986,3000,HOUSE,HOUSE,AS_NEW,4,209.0,0,1.0,1.0,126.0,3.0,0.0,0.0,Leuven,Flemish Brabant
119000,4101,HOUSE,HOUSE,TO_BE_DONE_UP,3,96.0,0,1.0,1.0,120.0,2.0,0.0,0.0,Seraing,Liège
219000,9400,HOUSE,HOUSE,TO_RENOVATE,2,125.0,0,1.0,1.0,508.0,2.0,0.0,0.0,Ninove,East Flanders
474398,3920,HOUSE,HOUSE,AS_NEW,3,155.0,0,1.0,1.0,1035.0,4.0,0.0,0.0,Lommel,Limburg
260000,9112,APARTMENT,APARTMENT,GOOD,1,61.0,0,1.0,1.0,0.0,2.0,0.0,0.0,Sint-Niklaas,East Flanders
579000,6700,HOUSE,HOUSE,AS_NEW,4,223.0,0,1.0,1.0,467.0,2.0,0.0,0.0,Arlon,Luxembourg
285000,4960,HOUSE,HOUSE,AS_NEW,3,179.0,0,1.0,1.0,681.0,3.0,0.0,0.0,Malmedy,Liège
230000,6767,HOUSE,HOUSE,TO_BE_DONE_UP,3,230.0,0,1.0,1.0,924.0,4.0,0.0,0.0,Rouvroy,Luxembourg
365000,4020,APARTMENT,LOFT,JUST_RENOVATED,2,114.0,0,1.0,1.0,0.0,2.0,0.0,0.0,Liège,Liège
359000,7742,HOUSE,HOUSE,GOOD,3,172.0,0,1.0,1.0,1257.0,4.0,0.0,0.0,Pecq,Hainaut
229500,4500,HOUSE,MANSION,TO_RENOVATE,4,200.0,0,1.0,1.0,650.0,2.0,0.0,0.0,Huy,Liège
359000,4400,HOUSE,BUNGALOW,GOOD,3,160.0,0,1.0,1.0,756.0,4.0,0.0,0.0,Flémalle,Liège
295000,4500,HOUSE,HOUSE,AS_NEW,3,175.0,0,1.0,1.0,242.0,3.0,0.0,0.0,Huy,Liège
219900,6181,HOUSE,HOUSE,GOOD,3,198.0,0,1.0,1.0,1008.0,4.0,0.0,0.0,Courcelles,Hainaut
259000,4100,HOUSE,HOUSE,GOOD,4,150.0,0,1.0,1.0,0.0,3.0,0.0,0.0,Seraing,Liège
550000,4020,HOUSE,MIXED_USE_BUILDING,GOOD,4,262.0,0,1.0,1.0,100.0,2.0,0.0,0.0,Liège,Liège
198000,4000,HOUSE,HOUSE,TO_RENOVATE,3,202.0,0,1.0,1.0,145.0,2.0,0.0,0.0,Liège,Liège
199000,3790,HOUSE,HOUSE,GOOD,2,137.0,0,1.0,1.0,203.0,3.0,0.0,0.0,Fourons,Limburg
324000,8860,HOUSE,HOUSE,AS_NEW,3,128.0,0,1.0,1.0,319.0,4.0,0.0,0.0,Lendelede,Other
545000,1170,HOUSE,HOUSE,TO_RENOVATE,4,200.0,0,1.0,1.0,150.0,2.0,0.0,0.0,Watermael-Boitsfort,Brussels Capital
349000,1640,HOUSE,HOUSE,GOOD,2,130.0,0,1.0,1.0,330.0,2.0,0.0,0.0,Rhode-Saint-Genèse,Flemish Brabant
329500,8310,HOUSE,HOUSE,TO_BE_DONE_UP,3,135.0,0,1.0,1.0,217.0,3.0,0.0,0.0,Brugge,Other
349000,5002,HOUSE,HOUSE,AS_NEW,4,173.0,0,1.0,1.0,1082.0,3.0,0.0,0.0,Namur,Namur
189000,5030,APARTMENT,GROUND_FLOOR,GOOD,1,54.0,0,1.0,1.0,0.0,3.0,0.0,0.0,Gembloux,Namur
170000,4100,HOUSE,HOUSE,GOOD,1,63.0,0,1.0,1.0,159.0,2.0,0.0,0.0,Seraing,Liège
215000,4040,HOUSE,HOUSE,TO_RENOVATE,3,140.0,0,1.0,1.0,195.0,2.0,0.0,0.0,Herstal,Liège
79000,4100,HOUSE,HOUSE,TO_RENOVATE,1,92.0,0,1.0,1.0,167.0,4.0,0.0,0.0,Seraing,Liège
415000,3090,HOUSE,HOUSE,TO_RENOVATE,3,220.0,0,1.0,1.0,440.0,3.0,0.0,0.0,Overijse,Flemish Brabant
330000,4540,HOUSE,HOUSE,AS_NEW,4,135.0,0,1.0,1.0,325.0,3.0,0.0,0.0,Amay,Liège
590000,9180,HOUSE,HOUSE,GOOD,4,195.0,0,1.0,1.0,1162.0,4.0,0.0,0.0,Moerbeke,East Flanders
399900,2930,HOUSE,HOUSE,TO_RENOVATE,2,156.0,0,1.0,1.0,544.0,4.0,0.0,0.0,Brasschaat,Antwerp
415000,9051,HOUSE,HOUSE,GOOD,2,147.0,0,1.0,1.0,159.0,3.0,0.0,0.0,Gent,East Flanders
499000,1160,HOUSE,HOUSE,GOOD,4,170.0,0,1.0,1.0,161.0,2.0,0.0,0.0,Auderghem,Brussels Capital
349000,6740,HOUSE,HOUSE,GOOD,3,238.0,0,1.0,1.0,441.0,2.0,0.0,0.0,Étalle,Luxembourg
500000,1140,HOUSE,MIXED_USE_BUILDING,TO_BE_DONE_UP,2,185.0,0,1.0,1.0,99.0,3.0,0.0,0.0,Evere,Brussels Capital
600000,1190,APARTMENT,GROUND_FLOOR,AS_NEW,2,135.0,0,1.0,1.0,0.0,2.0,0.0,0.0,Forest,Brussels Capital
345000,1050,APARTMENT,GROUND_FLOOR,TO_RENOVATE,1,60.0,0,1.0,1.0,0.0,2.0,0.0,0.0,Ixelles,Brussels Capital
499000,6790,HOUSE,HOUSE,AS_NEW,3,209.0,0,1.0,1.0,980.0,4.0,0.0,0.0,Aubange,Luxembourg
310000,6637,HOUSE,HOUSE,AS_NEW,3,175.0,0,1.0,1.0,365.0,3.0,0.0,0.0,Fauvillers,Hainaut
595000,1701,HOUSE,VILLA,GOOD,4,245.0,0,1.0,1.0,1048.0,4.0,0.0,0.0,Dilbeek,Flemish Brabant
167000,8211,HOUSE,HOUSE,TO_BE_DONE_UP,2,84.0,0,1.0,1.0,166.0,3.0,0.0,0.0,Zedelgem,Other
249000,4040,HOUSE,HOUSE,GOOD,4,156.0,0,1.0,1.0,235.0,3.0,0.0,0.0,Herstal,Liège
750000,1200,HOUSE,VILLA,TO_RENOVATE,4,180.0,0,1.0,1.0,430.0,4.0,0.0,0.0,Woluwe-Saint-Lambert,Brussels Capital
220000,4040,HOUSE,HOUSE,GOOD,4,156.0,0,1.0,1.0,270.0,2.0,0.0,0.0,Herstal,Liège
425000,2360,HOUSE,HOUSE,TO_BE_DONE_UP,3,219.0,0,1.0,1.0,1374.0,4.0,0.0,0.0,Oud-Turnhout,Antwerp
295000,4540,HOUSE,HOUSE,AS_NEW,4,211.0,0,1.0,1.0,586.0,4.0,0.0,0.0,Amay,Liège
134000,4100,HOUSE,HOUSE,TO_RENOVATE,3,135.0,0,1.0,1.0,144.0,3.0,0.0,0.0,Seraing,Liège
298000,4960,HOUSE,HOUSE,AS_NEW,3,202.0,0,1.0,1.0,756.0,4.0,0.0,0.0,Malmedy,Liège
110000,6840,HOUSE,HOUSE,GOOD,3,103.0,0,1.0,1.0,277.0,2.0,0.0,0.0,Neufchâteau,Luxembourg
249000,9520,HOUSE,HOUSE,TO_RENOVATE,4,183.0,0,1.0,1.0,862.0,4.0,0.0,0.0,Sint-Lievens-Houtem,East Flanders
240000,6880,HOUSE,HOUSE,JUST_RENOVATED,2,130.0,0,1.0,1.0,699.0,3.0,0.0,0.0,Bertrix,Luxembourg
279500,4500,HOUSE,HOUSE,GOOD,3,175.0,0,1.0,1.0,412.0,2.0,0.0,0.0,Huy,Liège
139000,4020,HOUSE,HOUSE,TO_RENOVATE,4,128.0,0,1.0,1.0,129.0,2.0,0.0,0.0,Liège,Liège
695000,2820,HOUSE,HOUSE,JUST_RENOVATED,4,253.0,0,1.0,1.0,553.0,4.0,0.0,0.0,Bonheiden,Antwerp
449000,1700,HOUSE,HOUSE,GOOD,4,140.0,0,1.0,1.0,560.0,3.0,0.0,0.0,Dilbeek,Flemish Brabant
239000,4460,HOUSE,HOUSE,AS_NEW,4,137.0,0,1.0,1.0,312.0,2.0,0.0,0.0,Grâce-Hollogne,Liège
270000,1310,APARTMENT,GROUND_FLOOR,GOOD,1,72.0,0,1.0,1.0,0.0,3.0,0.0,0.0,La Hulpe,Walloon Brabant
260000,7912,HOUSE,HOUSE,JUST_RENOVATED,3,180.0,0,1.0,1.0,732.0,4.0,0.0,0.0,Frasnes-lez-Anvaing,Hainaut
225000,7340,HOUSE,FARMHOUSE,GOOD,3,211.0,0,1.0,1.0,800.0,3.0,0.0,0.0,Colfontaine,Hainaut
119000,5575,APARTMENT,APARTMENT,GOOD,2,80.0,0,1.0,1.0,0.0,2.0,0.0,0.0,Gedinne,Namur
164000,4680,HOUSE,HOUSE,GOOD,3,115.0,0,1.0,1.0,170.0,3.0,0.0,0.0,Oupeye,Liège
375000,9690,HOUSE,HOUSE,GOOD,3,141.0,0,1.0,1.0,1220.0,4.0,0.0,0.0,Kluisbergen,East Flanders
645000,1200,HOUSE,HOUSE,GOOD,4,190.0,0,1.0,1.0,580.0,3.0,0.0,0.0,Woluwe-Saint-Lambert,Brussels Capital
443000,3010,HOUSE,HOUSE,AS_NEW,2,138.0,0,1.0,1.0,513.0,4.0,0.0,0.0,Leuven,Flemish Brabant
250000,4040,HOUSE,HOUSE,TO_BE_DONE_UP,3,152.0,0,1.0,1.0,257.0,2.0,0.0,0.0,Herstal,Liège
600000,1970,HOUSE,HOUSE,GOOD,4,214.0,0,1.0,1.0,229.0,2.0,0.0,0.0,Wezembeek-Oppem,Flemish Brabant
165000,4000,HOUSE,HOUSE,TO_BE_DONE_UP,4,150.0,0,1.0,1.0,0.0,2.0,0.0,0.0,Liège,Liège
295000,1400,HOUSE,HOUSE,TO_BE_DONE_UP,3,155.0,0,1.0,1.0,232.0,3.0,0.0,0.0,Nivelles,Walloon Brabant
169000,4102,HOUSE,HOUSE,GOOD,3,82.0,0,1.0,1.0,382.0,2.0,0.0,0.0,Seraing,Liège
199000,4801,HOUSE,HOUSE,GOOD,3,97.0,0,1.0,1.0,180.0,2.0,0.0,0.0,Verviers,Liège
320000,1310,HOUSE,HOUSE,TO_RENOVATE,3,157.0,0,1.0,1.0,334.0,3.0,0.0,0.0,La Hulpe,Walloon Brabant
275000,3870,HOUSE,MIXED_USE_BUILDING,TO_RENOVATE,3,220.0,0,1.0,1.0,695.0,3.0,0.0,0.0,Heers,Limburg
200000,7860,HOUSE,HOUSE,TO_BE_DONE_UP,3,204.0,0,1.0,1.0,189.0,2.0,0.0,0.0,Lessines,Hainaut
275000,4500,HOUSE,HOUSE,GOOD,3,148.0,0,1.0,1.0,985.0,4.0,0.0,0.0,Huy,Liège
175000,4032,HOUSE,HOUSE,TO_RENOVATE,2,85.0,0,1.0,1.0,300.0,4.0,0.0,0.0,Liège,Liège
250000,7134,HOUSE,HOUSE,TO_RENOVATE,2,143.0,0,1.0,1.0,1075.0,3.0,0.0,0.0,Binche,Hainaut
199000,4101,HOUSE,APARTMENT_BLOCK,GOOD,4,141.0,0,1.0,1.0,174.0,3.0,0.0,0.0,Seraing,Liège
289000,6061,HOUSE,HOUSE,GOOD,3,165.0,0,1.0,1.0,899.0,3.0,0.0,0.0,Charleroi,Hainaut
65000,1450,HOUSE,HOUSE,TO_BE_DONE_UP,2,109.0,0,1.0,1.0,457.0,3.0,0.0,0.0,Chastre,Walloon Brabant
440000,1200,HOUSE,HOUSE,TO_BE_DONE_UP,4,157.0,0,1.0,1.0,125.0,2.0,0.0,0.0,Woluwe-Saint-Lambert,Brussels Capital
279000,9100,HOUSE,HOUSE,JUST_RENOVATED,3,128.0,0,1.0,1.0,120.0,2.0,0.0,0.0,Sint-Niklaas,East Flanders
485000,1800,HOUSE,HOUSE,GOOD,3,205.0,0,1.0,1.0,204.0,2.0,0.0,0.0,Vilvoorde,Flemish Brabant
275000,7190,HOUSE,HOUSE,GOOD,3,160.0,0,1.0,1.0,275.0,3.0,0.0,0.0,Écaussinnes,Hainaut
655000,1020,APARTMENT,LOFT,GOOD,2,190.0,0,1.0,1.0,0.0,4.0,0.0,0.0,Bruxelles,Brussels Capital
199000,1348,APARTMENT,GROUND_FLOOR,TO_BE_DONE_UP,1,42.0,0,1.0,1.0,0.0,2.0,0.0,0.0,Mont-Saint-Guibert,Walloon Brabant
259000,1480,HOUSE,HOUSE,TO_RENOVATE,4,264.0,0,1.0,1.0,392.0,3.0,0.0,0.0,Tubize,Walloon Brabant
314900,6840,HOUSE,HOUSE,GOOD,3,133.0,0,1.0,1.0,863.0,3.0,0.0,0.0,Neufchâteau,Luxembourg
515000,9100,HOUSE,VILLA,GOOD,4,230.0,0,1.0,1.0,1100.0,4.0,0.0,0.0,Sint-Niklaas,East Flanders
295000,1370,HOUSE,HOUSE,GOOD,2,101.0,0,1.0,1.0,457.0,4.0,0.0,0.0,Jodoigne,Walloon Brabant
385000,3020,HOUSE,HOUSE,GOOD,3,159.0,0,1.0,1.0,335.0,3.0,0.0,0.0,Herent,Flemish Brabant
329000,9790,HOUSE,HOUSE,TO_BE_DONE_UP,4,226.0,0,1.0,1.0,461.0,4.0,0.0,0.0,Wortegem-Petegem,East Flanders
449000,1325,HOUSE,FARMHOUSE,TO_BE_DONE_UP,4,198.0,0,1.0,1.0,836.0,4.0,0.0,0.0,Chaumont-Gistoux,Walloon Brabant
199000,7880,HOUSE,HOUSE,GOOD,3,156.0,0,1.0,1.0,489.0,2.0,0.0,0.0,Flobecq,Hainaut
415000,5100,HOUSE,HOUSE,AS_NEW,3,130.0,0,1.0,1.0,1150.0,4.0,0.0,0.0,Namur,Namur
289000,1301,HOUSE,HOUSE,TO_RENOVATE,2,100.0,0,1.0,1.0,347.0,3.0,0.0,0.0,Wavre,Walloon Brabant
159000,4000,HOUSE,HOUSE,TO_RENOVATE,3,88.0,0,1.0,1.0,255.0,3.0,0.0,0.0,Liège,Liège
295000,6900,HOUSE,HOUSE,GOOD,4,224.0,0,1.0,1.0,834.0,3.0,0.0,0.0,Marche-en-Famenne,Luxembourg
399000,1370,HOUSE,HOUSE,AS_NEW,4,205.0,0,1.0,1.0,1486.0,4.0,0.0,0.0,Jodoigne,Walloon Brabant
160000,6230,HOUSE,HOUSE,GOOD,2,100.0,0,1.0,1.0,292.0,3.0,0.0,0.0,Pont-à-Celles,Hainaut
135000,6181,HOUSE,HOUSE,TO_BE_DONE_UP,3,101.0,0,1.0,1.0,229.0,2.0,0.0,0.0,Courcelles,Hainaut
650000,1930,HOUSE,VILLA,GOOD,4,202.0,0,1.0,1.0,600.0,4.0,0.0,0.0,Zaventem,Flemish Brabant
425000,9000,HOUSE,HOUSE,GOOD,3,120.0,0,1.0,1.0,793.0,3.0,0.0,0.0,Gent,East Flanders
285000,9260,HOUSE,HOUSE,TO_RENOVATE,3,241.0,0,1.0,1.0,1130.0,3.0,0.0,0.0,Wichelen,East Flanders
129000,4100,HOUSE,HOUSE,GOOD,2,91.0,0,1.0,1.0,82.0,2.0,0.0,0.0,Seraing,Liège
255000,4400,HOUSE,HOUSE,GOOD,2,70.0,0,1.0,1.0,730.0,4.0,0.0,0.0,Flémalle,Liège
275000,1420,HOUSE,HOUSE,TO_RENOVATE,4,190.0,0,1.0,1.0,206.0,2.0,0.0,0.0,Braine-l'Alleud,Walloon Brabant
329000,1790,HOUSE,HOUSE,GOOD,2,198.0,0,1.0,1.0,148.0,2.0,0.0,0.0,Affligem,Flemish Brabant
320000,9050,HOUSE,HOUSE,TO_RENOVATE,1,98.0,0,1.0,1.0,185.0,2.0,0.0,0.0,Gent,East Flanders
495000,1082,HOUSE,HOUSE,GOOD,3,240.0,0,1.0,1.0,125.0,2.0,0.0,0.0,Berchem-Sainte-Agathe,Brussels Capital
529000,2590,HOUSE,HOUSE,AS_NEW,4,220.0,0,1.0,1.0,350.0,3.0,0.0,0.0,Berlaar,Antwerp
179000,1350,APARTMENT,APARTMENT,TO_BE_DONE_UP,2,97.0,0,1.0,1.0,0.0,2.0,0.0,0.0,Orp-Jauche,Walloon Brabant
249000,4520,HOUSE,HOUSE,GOOD,3,150.0,0,1.0,1.0,389.0,3.0,0.0,0.0,Wanze,Liège
199000,4032,HOUSE,HOUSE,GOOD,3,100.0,0,1.0,1.0,205.0,2.0,0.0,0.0,Liège,Liège
179900,6230,HOUSE,HOUSE,TO_RENOVATE,3,230.0,0,1.0,1.0,896.0,2.0,0.0,0.0,Pont-à-Celles,Hainaut
235000,9400,HOUSE,HOUSE,GOOD,2,80.0,0,1.0,1.0,98.0,2.0,0.0,0.0,Ninove,East Flanders
400000,1070,HOUSE,HOUSE,GOOD,4,185.0,0,1.0,1.0,215.0,2.0,0.0,0.0,Anderlecht,Brussels Capital
265000,4400,HOUSE,HOUSE,AS_NEW,3,135.0,0,1.0,1.0,145.0,2.0,0.0,0.0,Flémalle,Liège
650000,1180,HOUSE,HOUSE,GOOD,4,231.0,0,1.0,1.0,460.0,2.0,0.0,0.0,Uccle,Brussels Capital
465000,9200,HOUSE,HOUSE,AS_NEW,3,151.0,0,1.0,1.0,300.0,3.0,0.0,0.0,Dendermonde,East Flanders
560000,1970,HOUSE,HOUSE,TO_BE_DONE_UP,3,140.0,0,1.0,1.0,464.0,3.0,0.0,0.0,Wezembeek-Oppem,Flemish Brabant
465000,8310,HOUSE,HOUSE,AS_NEW,3,180.0,0,1.0,1.0,195.0,2.0,0.0,0.0,Brugge,Other
200000,7170,HOUSE,HOUSE,GOOD,4,174.0,0,1.0,1.0,190.0,2.0,0.0,0.0,Manage,Hainaut
109000,4102,HOUSE,HOUSE,TO_RENOVATE,3,115.0,0,1.0,1.0,290.0,2.0,0.0,0.0,Seraing,Liège
319000,4651,HOUSE,HOUSE,AS_NEW,3,110.0,0,1.0,1.0,0.0,3.0,0.0,0.0,Herve,Liège
285000,3400,HOUSE,HOUSE,GOOD,3,120.0,0,1.0,1.0,572.0,3.0,0.0,0.0,Landen,Flemish Brabant
335000,6150,HOUSE,HOUSE,AS_NEW,3,230.0,0,1.0,1.0,0.0,3.0,0.0,0.0,Anderlues,Hainaut
240000,9300,HOUSE,HOUSE,TO_RENOVATE,3,170.0,0,1.0,1.0,250.0,2.0,0.0,0.0,Aalst,East Flanders
625000,1300,HOUSE,APARTMENT_BLOCK,GOOD,4,173.0,0,1.0,1.0,299.0,3.0,0.0,0.0,Wavre,Walloon Brabant
350000,5380,HOUSE,HOUSE,AS_NEW,4,228.0,0,1.0,1.0,585.0,3.0,0.0,0.0,Fernelmont,Namur
215000,6040,HOUSE,HOUSE,AS_NEW,2,105.0,0,1.0,1.0,552.0,3.0,0.0,0.0,Charleroi,Hainaut
220000,4000,HOUSE,HOUSE,GOOD,3,100.0,0,1.0,1.0,160.0,2.0,0.0,0.0,Liège,Liège
219000,4460,HOUSE,HOUSE,GOOD,3,144.0,0,1.0,1.0,60.0,2.0,0.0,0.0,Grâce-Hollogne,Liège
299000,4400,HOUSE,HOUSE,GOOD,3,140.0,0,1.0,1.0,525.0,3.0,0.0,0.0,Flémalle,Liège
265000,9260,HOUSE,HOUSE,TO_RENOVATE,3,132.0,0,1.0,1.0,376.0,2.0,0.0,0.0,Wichelen,East Flanders
529000,9000,HOUSE,HOUSE,AS_NEW,3,139.0,0,1.0,1.0,107.0,2.0,0.0,0.0,Gent,East Flanders
325000,4500,APARTMENT,DUPLEX,GOOD,2,134.0,0,1.0,1.0,0.0,2.0,0.0,0.0,Huy,Liège
215000,4140,HOUSE,HOUSE,GOOD,2,164.0,0,1.0,1.0,1300.0,3.0,0.0,0.0,Sprimont,Liège
199000,4460,HOUSE,HOUSE,GOOD,2,75.0,0,1.0,1.0,190.0,2.0,0.0,0.0,Grâce-Hollogne,Liège
235000,6940,HOUSE,HOUSE,TO_BE_DONE_UP,4,189.0,0,1.0,1.0,742.0,3.0,0.0,0.0,Durbuy,Luxembourg
375000,6860,HOUSE,HOUSE,GOOD,3,145.0,0,1.0,1.0,1311.0,4.0,0.0,0.0,Léglise,Luxembourg
259000,4040,HOUSE,HOUSE,GOOD,4,139.0,0,1.0,1.0,162.0,3.0,0.0,0.0,Herstal,Liège
399000,9111,HOUSE,HOUSE,GOOD,3,146.0,0,1.0,1.0,562.0,3.0,0.0,0.0,Sint-Niklaas,East Flanders
495000,2800,HOUSE,HOUSE,AS_NEW,3,202.0,0,1.0,1.0,147.0,3.0,0.0,0.0,Mechelen,Antwerp
275000,8310,HOUSE,HOUSE,TO_BE_DONE_UP,4,182.0,0,1.0,1.0,240.0,2.0,0.0,0.0,Brugge,Other
389000,8400,HOUSE,TOWN_HOUSE,GOOD,4,264.0,0,1.0,1.0,141.0,2.0,0.0,0.0,Oostende,Other
349000,1640,HOUSE,HOUSE,GOOD,2,130.0,0,1.0,1.0,330.0,2.0,0.0,0.0,Rhode-Saint-Genèse,Flemish Brabant
287000,8800,HOUSE,HOUSE,AS_NEW,4,273.0,0,1.0,1.0,461.0,2.0,0.0,0.0,Roeselare,Other
395000,4100,HOUSE,HOUSE,GOOD,4,200.0,0,1.0,1.0,1000.0,3.0,0.0,0.0,Seraing,Liège
595000,1950,HOUSE,HOUSE,TO_BE_DONE_UP,3,160.0,0,1.0,1.0,273.0,2.0,0.0,0.0,Kraainem,Flemish Brabant
845000,1310,HOUSE,VILLA,GOOD,4,235.0,0,1.0,1.0,760.0,4.0,0.0,0.0,La Hulpe,Walloon Brabant
400000,8000,HOUSE,HOUSE,TO_RENOVATE,3,228.0,0,1.0,1.0,171.0,2.0,0.0,0.0,Brugge,Other
549000,1950,HOUSE,HOUSE,TO_BE_DONE_UP,4,216.0,0,1.0,1.0,350.0,3.0,0.0,0.0,Kraainem,Flemish Brabant
290000,4540,HOUSE,HOUSE,AS_NEW,3,100.0,0,1.0,1.0,195.0,3.0,0.0,0.0,Amay,Liège
299500,8572,HOUSE,HOUSE,GOOD,3,250.0,0,1.0,1.0,825.0,4.0,0.0,0.0,Anzegem,Other
285000,4040,HOUSE,HOUSE,AS_NEW,3,112.0,0,1.0,1.0,212.0,2.0,0.0,0.0,Herstal,Liège
299000,1440,HOUSE,HOUSE,TO_BE_DONE_UP,4,135.0,0,1.0,1.0,600.0,2.0,0.0,0.0,Braine-le-Château,Walloon Brabant
369000,2110,HOUSE,HOUSE,GOOD,2,130.0,0,1.0,1.0,280.0,2.0,0.0,0.0,Wijnegem,Antwerp
497000,9170,HOUSE,HOUSE,AS_NEW,3,194.0,0,1.0,1.0,545.0,3.0,0.0,0.0,Sint-Gillis-Waas,East Flanders
249000,1370,HOUSE,HOUSE,GOOD,4,144.0,0,1.0,1.0,584.0,2.0,0.0,0.0,Jodoigne,Walloon Brabant
169000,4460,HOUSE,HOUSE,TO_RENOVATE,2,110.0,0,1.0,1.0,290.0,3.0,0.0,0.0,Grâce-Hollogne,Liège
220000,4624,HOUSE,HOUSE,TO_BE_DONE_UP,3,138.0,0,1.0,1.0,137.0,2.0,0.0,0.0,Fléron,Liège
249000,4041,HOUSE,HOUSE,TO_RENOVATE,3,138.0,0,1.0,1.0,400.0,3.0,0.0,0.0,Herstal,Liège
199000,4280,HOUSE,HOUSE,GOOD,3,184.0,0,1.0,1.0,576.0,3.0,0.0,0.0,Hannut,Other
275000,1420,HOUSE,HOUSE,TO_BE_DONE_UP,3,100.0,0,1.0,1.0,190.0,2.0,0.0,0.0,Braine-l'Alleud,Walloon Brabant
415000,1200,HOUSE,HOUSE,TO_RENOVATE,3,120.0,0,1.0,1.0,155.0,2.0,0.0,0.0,Woluwe-Saint-Lambert,Brussels Capital
249000,5620,HOUSE,HOUSE,AS_NEW,3,155.0,0,1.0,1.0,1000.0,4.0,0.0,0.0,Florennes,Namur
325000,9120,HOUSE,HOUSE,AS_NEW,3,138.0,0,1.0,1.0,129.0,2.0,0.0,0.0,Beveren,East Flanders
290000,3300,HOUSE,HOUSE,GOOD,3,168.0,0,1.0,1.0,398.0,3.0,0.0,0.0,Tienen,Other
209000,4020,HOUSE,HOUSE,GOOD,3,135.0,0,1.0,1.0,192.0,2.0,0.0,0.0,Liège,Liège
425000,1090,HOUSE,TOWN_HOUSE,TO_RENOVATE,4,180.0,0,1.0,1.0,238.0,2.0,0.0,0.0,Jette,Brussels Capital
229000,4600,HOUSE,HOUSE,GOOD,3,150.0,0,1.0,1.0,475.0,3.0,0.0,0.0,Visé,Liège
660000,1083,HOUSE,MIXED_USE_BUILDING,GOOD,3,132.0,0,1.0,1.0,373.0,2.0,0.0,0.0,Ganshoren,Brussels Capital
747000,1970,HOUSE,VILLA,TO_RENOVATE,4,195.0,0,1.0,1.0,682.0,4.0,0.0,0.0,Wezembeek-Oppem,Flemish Brabant
379000,1790,HOUSE,HOUSE,GOOD,3,155.0,0,1.0,1.0,383.0,3.0,0.0,0.0,Affligem,Flemish Brabant
220000,6980,HOUSE,MIXED_USE_BUILDING,GOOD,4,207.0,0,1.0,1.0,279.0,2.0,0.0,0.0,La Roche-en-Ardenne,Luxembourg
169000,4610,HOUSE,HOUSE,JUST_RENOVATED,2,75.0,0,1.0,1.0,133.0,2.0,0.0,0.0,Beyne-Heusay,Liège
245000,1933,HOUSE,HOUSE,TO_RENOVATE,3,140.0,0,1.0,1.0,713.0,2.0,0.0,0.0,Zaventem,Flemish Brabant
445000,1980,HOUSE,HOUSE,GOOD,4,190.0,0,1.0,1.0,451.0,3.0,0.0,0.0,Zemst,Flemish Brabant
439000,2050,HOUSE,HOUSE,AS_NEW,3,125.0,0,1.0,1.0,0.0,2.0,0.0,0.0,Antwerpen,Antwerp
365000,4121,HOUSE,BUNGALOW,AS_NEW,2,110.0,0,1.0,1.0,853.0,4.0,0.0,0.0,Neupré,Liège
210000,4040,HOUSE,HOUSE,GOOD,3,123.0,0,1.0,1.0,155.0,2.0,0.0,0.0,Herstal,Liège
419000,9450,HOUSE,HOUSE,GOOD,3,152.0,0,1.0,1.0,366.0,3.0,0.0,0.0,Haaltert,East Flanders
275000,4400,HOUSE,MIXED_USE_BUILDING,GOOD,3,252.0,0,1.0,1.0,420.0,2.0,0.0,0.0,Flémalle,Liège
165000,5000,HOUSE,BUNGALOW,GOOD,1,56.0,0,1.0,1.0,51.0,3.0,0.0,0.0,Namur,Namur
296000,9750,HOUSE,HOUSE,TO_BE_DONE_UP,3,195.0,0,1.0,1.0,1057.0,4.0,0.0,0.0,Kruisem,East Flanders
395000,1853,HOUSE,HOUSE,AS_NEW,3,157.0,0,1.0,1.0,0.0,2.0,0.0,0.0,Grimbergen,Flemish Brabant
340000,4537,HOUSE,HOUSE,JUST_RENOVATED,3,140.0,0,1.0,1.0,508.0,3.0,0.0,0.0,Verlaine,Liège
290000,6929,HOUSE,HOUSE,GOOD,4,160.0,0,1.0,1.0,1222.0,4.0,0.0,0.0,Daverdisse,Luxembourg
169000,4102,HOUSE,TOWN_HOUSE,TO_RENOVATE,3,112.0,0,1.0,1.0,240.0,2.0,0.0,0.0,Seraing,Liège
429000,9770,HOUSE,HOUSE,GOOD,3,233.0,0,1.0,1.0,445.0,3.0,0.0,0.0,Kruisem,East Flanders
155000,4420,HOUSE,BUNGALOW,TO_BE_DONE_UP,2,85.0,0,1.0,1.0,672.0,3.0,0.0,0.0,Saint-Nicolas,Liège
298000,4140,HOUSE,HOUSE,GOOD,4,242.0,0,1.0,1.0,358.0,2.0,0.0,0.0,Sprimont,Liège
495000,2800,HOUSE,HOUSE,JUST_RENOVATED,3,202.0,0,1.0,1.0,147.0,3.0,0.0,0.0,Mechelen,Antwerp
339000,2930,HOUSE,HOUSE,TO_RENOVATE,2,125.0,0,1.0,1.0,173.0,2.0,0.0,0.0,Brasschaat,Antwerp
449000,7700,HOUSE,VILLA,AS_NEW,3,233.0,0,1.0,1.0,855.0,4.0,0.0,0.0,Mouscron,Hainaut
279000,4020,HOUSE,HOUSE,GOOD,3,168.0,0,1.0,1.0,357.0,2.0,0.0,0.0,Liège,Liège
210000,4340,HOUSE,HOUSE,TO_RENOVATE,3,167.0,0,1.0,1.0,356.0,4.0,0.0,0.0,Awans,Liège
329000,6800,HOUSE,HOUSE,GOOD,3,195.0,0,1.0,1.0,10.0,4.0,0.0,0.0,Libramont-Chevigny,Luxembourg
665000,1180,HOUSE,HOUSE,GOOD,4,216.0,0,1.0,1.0,268.0,2.0,0.0,0.0,Uccle,Brussels Capital
199000,1731,APARTMENT,APARTMENT,TO_RENOVATE,1,76.0,0,1.0,1.0,0.0,2.0,0.0,0.0,Asse,Flemish Brabant
159000,8930,HOUSE,HOUSE,GOOD,3,164.0,0,1.0,1.0,189.0,2.0,0.0,0.0,Menen,Other
439000,1640,HOUSE,BUNGALOW,TO_BE_DONE_UP,3,106.0,0,1.0,1.0,647.0,4.0,0.0,0.0,Rhode-Saint-Genèse,Flemish Brabant
309000,4219,HOUSE,HOUSE,JUST_RENOVATED,4,213.0,0,1.0,1.0,1080.0,3.0,0.0,0.0,Wasseiges,Other
260000,8930,HOUSE,MIXED_USE_BUILDING,GOOD,3,257.0,0,1.0,1.0,597.0,2.0,0.0,0.0,Menen,Other
275000,4400,HOUSE,HOUSE,GOOD,3,120.0,0,1.0,1.0,340.0,3.0,0.0,0.0,Flémalle,Liège
349000,4000,HOUSE,HOUSE,GOOD,2,151.0,0,1.0,1.0,590.0,4.0,0.0,0.0,Liège,Liège
675000,1970,HOUSE,HOUSE,AS_NEW,3,150.0,0,1.0,1.0,175.0,2.0,0.0,0.0,Wezembeek-Oppem,Flemish Brabant
175000,6698,HOUSE,HOUSE,GOOD,3,170.0,0,1.0,1.0,660.0,4.0,0.0,0.0,Vielsalm,Luxembourg
159000,4031,HOUSE,HOUSE,AS_NEW,2,96.0,0,1.0,1.0,640.0,4.0,0.0,0.0,Liège,Liège
199000,9470,HOUSE,HOUSE,TO_RENOVATE,3,128.0,0,1.0,1.0,474.0,3.0,0.0,0.0,Denderleeuw,East Flanders
199000,4630,HOUSE,HOUSE,GOOD,3,132.0,0,1.0,1.0,528.0,3.0,0.0,0.0,Soumagne,Liège
215000,4101,HOUSE,HOUSE,AS_NEW,2,117.0,0,1.0,1.0,320.0,2.0,0.0,0.0,Seraing,Liège
169000,4100,HOUSE,HOUSE,TO_BE_DONE_UP,2,92.0,0,1.0,1.0,271.0,3.0,0.0,0.0,Seraing,Liège
489000,2040,HOUSE,HOUSE,AS_NEW,3,180.0,0,1.0,1.0,347.0,2.0,0.0,0.0,Antwerpen,Antwerp
299000,1350,HOUSE,HOUSE,TO_BE_DONE_UP,3,119.0,0,1.0,1.0,1230.0,4.0,0.0,0.0,Orp-Jauche,Walloon Brabant
179500,4101,HOUSE,HOUSE,GOOD,3,113.0,0,1.0,1.0,100.0,2.0,0.0,0.0,Seraing,Liège
240000,7850,HOUSE,HOUSE,TO_RENOVATE,3,154.0,0,1.0,1.0,426.0,4.0,0.0,0.0,Silly,Hainaut
625000,1950,HOUSE,HOUSE,TO_BE_DONE_UP,4,165.0,0,1.0,1.0,283.0,2.0,0.0,0.0,Kraainem,Flemish Brabant
499000,1020,HOUSE,MANSION,TO_BE_DONE_UP,4,185.0,0,1.0,1.0,275.0,2.0,0.0,0.0,Bruxelles,Brussels Capital
229000,4600,HOUSE,HOUSE,GOOD,3,150.0,0,1.0,1.0,475.0,3.0,0.0,0.0,Visé,Liège
175000,4630,HOUSE,HOUSE,GOOD,2,102.0,0,1.0,1.0,389.0,3.0,0.0,0.0,Soumagne,Liège
350000,2260,HOUSE,HOUSE,GOOD,4,181.0,0,1.0,1.0,629.0,4.0,0.0,0.0,Westerlo,Antwerp
174000,4480,HOUSE,HOUSE,GOOD,2,104.0,0,1.0,1.0,1069.0,3.0,0.0,0.0,Engis,Liège
309000,6800,HOUSE,HOUSE,TO_RENOVATE,4,150.0,0,1.0,1.0,965.0,4.0,0.0,0.0,Libramont-Chevigny,Luxembourg
344000,8200,HOUSE,HOUSE,TO_RENOVATE,3,142.0,0,1.0,1.0,533.0,3.0,0.0,0.0,Brugge,Other
239900,2850,HOUSE,HOUSE,TO_RENOVATE,3,124.0,0,1.0,1.0,75.0,2.0,0.0,0.0,Boom,Antwerp
209000,6890,HOUSE,HOUSE,TO_BE_DONE_UP,3,130.0,0,1.0,1.0,163.0,2.0,0.0,0.0,Libin,Luxembourg
195000,1350,APARTMENT,DUPLEX,TO_BE_DONE_UP,2,63.0,0,1.0,1.0,0.0,2.0,0.0,0.0,Orp-Jauche,Walloon Brabant
330000,7812,HOUSE,HOUSE,GOOD,3,200.0,0,1.0,1.0,0.0,3.0,0.0,0.0,Ath,Hainaut
435000,1070,HOUSE,MIXED_USE_BUILDING,GOOD,3,250.0,0,1.0,1.0,210.0,2.0,0.0,0.0,Anderlecht,Brussels Capital
309000,4000,HOUSE,HOUSE,GOOD,3,140.0,0,1.0,1.0,170.0,3.0,0.0,0.0,Liège,Liège
379000,4890,HOUSE,VILLA,AS_NEW,3,246.0,0,1.0,1.0,1301.0,3.0,0.0,0.0,Thimister-Clermont,Liège
595000,1950,HOUSE,HOUSE,GOOD,3,212.0,0,1.0,1.0,273.0,2.0,0.0,0.0,Kraainem,Flemish Brabant
199000,4020,HOUSE,HOUSE,AS_NEW,3,102.0,0,1.0,1.0,66.0,2.0,0.0,0.0,Liège,Liège
359000,6790,HOUSE,HOUSE,GOOD,3,120.0,0,1.0,1.0,285.0,3.0,0.0,0.0,Aubange,Luxembourg
199000,4500,HOUSE,APARTMENT_BLOCK,TO_RENOVATE,4,209.0,0,1.0,1.0,233.0,2.0,0.0,0.0,Huy,Liège
189000,6890,HOUSE,HOUSE,GOOD,3,102.0,0,1.0,1.0,708.0,2.0,0.0,0.0,Libin,Luxembourg
455000,8301,HOUSE,HOUSE,GOOD,4,184.0,0,1.0,1.0,235.0,3.0,0.0,0.0,Knokke-Heist,Other
145000,6800,HOUSE,HOUSE,TO_RENOVATE,2,100.0,0,1.0,1.0,308.0,3.0,0.0,0.0,Libramont-Chevigny,Luxembourg
435000,9120,HOUSE,HOUSE,GOOD,4,187.0,0,1.0,1.0,270.0,3.0,0.0,0.0,Beveren,East Flanders
495000,6700,HOUSE,HOUSE,GOOD,4,230.0,0,1.0,1.0,320.0,2.0,0.0,0.0,Arlon,Luxembourg
175000,4460,HOUSE,HOUSE,JUST_RENOVATED,2,70.0,0,1.0,1.0,190.0,2.0,0.0,0.0,Grâce-Hollogne,Liège
449000,5170,HOUSE,VILLA,AS_NEW,3,158.0,0,1.0,1.0,1379.0,4.0,0.0,0.0,Profondeville,Namur
275000,4671,HOUSE,BUNGALOW,GOOD,3,162.0,0,1.0,1.0,1014.0,3.0,0.0,0.0,Blegny,Liège
230000,5024,APARTMENT,APARTMENT,GOOD,2,76.0,0,1.0,1.0,0.0,3.0,0.0,0.0,Namur,Namur
225000,4000,HOUSE,HOUSE,TO_BE_DONE_UP,4,181.0,0,1.0,1.0,166.0,2.0,0.0,0.0,Liège,Liège
280000,6600,HOUSE,HOUSE,GOOD,3,151.0,0,1.0,1.0,782.0,4.0,0.0,0.0,Bastogne,Luxembourg
325000,5530,HOUSE,HOUSE,GOOD,3,150.0,0,1.0,1.0,528.0,4.0,0.0,0.0,Yvoir,Namur
350000,7950,HOUSE,VILLA,AS_NEW,3,145.0,0,1.0,1.0,750.0,4.0,0.0,0.0,Chièvres,Hainaut
199000,4032,HOUSE,HOUSE,GOOD,3,158.0,0,1.0,1.0,195.0,2.0,0.0,0.0,Liège,Liège
479500,1761,HOUSE,HOUSE,AS_NEW,3,124.0,0,1.0,1.0,224.0,3.0,0.0,0.0,Roosdaal,Flemish Brabant
390000,4681,HOUSE,BUNGALOW,GOOD,3,137.0,0,1.0,1.0,396.0,4.0,0.0,0.0,Oupeye,Liège
339000,8940,HOUSE,HOUSE,GOOD,3,174.0,0,1.0,1.0,350.0,2.0,0.0,0.0,Wervik,Other
385000,1120,HOUSE,HOUSE,TO_BE_DONE_UP,3,150.0,0,1.0,1.0,199.0,2.0,0.0,0.0,Bruxelles,Brussels Capital
259000,1430,HOUSE,HOUSE,TO_RENOVATE,4,200.0,0,1.0,1.0,392.0,3.0,0.0,0.0,Rebecq,Walloon Brabant
330000,7950,HOUSE,HOUSE,AS_NEW,4,207.0,0,1.0,1.0,470.0,3.0,0.0,0.0,Chièvres,Hainaut
599000,1170,HOUSE,HOUSE,TO_RENOVATE,4,215.0,0,1.0,1.0,180.0,2.0,0.0,0.0,Watermael-Boitsfort,Brussels Capital
